id,slug,name,creator,release_date,intelligence,coding_index,math_index,output_speed,ttft_s,price_blended,price_input,price_output,cost_to_run,intel_per_m_output,output_mtokens,eff_speed
c77cfe51-f4a0-4692-9dee-5061ef667f23,gpt-5-5-low,GPT-5.5 (low),OpenAI,2026-04-23,43.5,60.9,,65.198,1.548,11.25,5.0,30.0,382.0761022835579,6.394637438777832,6.802574878789983,199.7191555980518
f0083258-8646-45b8-8082-7aaf6c2ea82a,gpt-oss-120b,gpt-oss-120b (high),OpenAI,2025-08-05,23.8,30.4,93.4,289.443,0.535,0.262,0.15,0.6,96.276024,0.2727139063879248,87.27094380785054,69.11179243577003
c99f3bde-7c08-4de8-bd5c-8ee9123ebffa,gpt-oss-120b-low,gpt-oss-120b (low),OpenAI,2025-08-05,17.7,,66.7,346.914,0.586,0.262,0.15,0.6,15.896159099999998,3.1720669074707977,5.579957963154327,1295.5365737309503
ba242e40-83b7-4cd3-a0e0-b56237984914,gpt-5-4-mini,GPT-5.4 mini (xhigh),OpenAI,2026-03-17,40.0,56.1,,153.804,3.213,1.688,0.75,4.5,1127.4359095629068,0.18471033084436814,216.55529399545554,14.799859883861766
16c5b637-8bce-4252-81f2-1b87a36a4e4c,o3,o3,OpenAI,2025-04-16,30.4,,88.3,138.967,4.739,3.5,2.0,8.0,1025.331978,0.7936606592959933,38.303523859889864,75.60172945905336
b13c1257-d746-4027-8fc8-4892dc14701c,gpt-5-5-high,GPT-5.5 (high),OpenAI,2026-04-23,53.1,71.6,,63.076,12.073,11.25,5.0,30.0,1745.567189493726,1.240438296018485,42.80744973001761,30.70460874224576
ae447455-940d-4d30-9139-a664fa896eaf,gpt-5-4-mini-non-reasoning,GPT-5.4 mini (Non-Reasoning),OpenAI,2026-03-17,16.6,,,161.346,0.537,1.688,0.75,4.5,56.358198,9.5085618506431,1.7457950277598795,1925.8556383043767
6b79f899-e3c0-45f6-923c-243faccdb2fc,gpt-5-5-medium,GPT-5.5 (medium),OpenAI,2026-04-23,50.4,71.5,,64.402,3.343,11.25,5.0,30.0,951.24236482426,2.3666690407632007,21.295753285278565,63.01807406726743
36f73aaf-d38a-4b56-a2b3-d04d17186910,gpt-oss-20b,gpt-oss-20B (high),OpenAI,2025-08-05,14.9,20.7,89.3,226.579,0.5,0.088,0.05,0.2,29.871728500000003,0.2210610629232479,67.4021910641643,70.04940000146956
392063ba-c3b5-47e8-ba67-a7b0b34f6824,gpt-5-4-mini-medium,GPT-5.4 mini (medium),OpenAI,2026-03-17,29.8,,,154.888,4.455,1.688,0.75,4.5,302.29139024999995,1.0686385509366831,27.885948877550508,115.74203758238174
16149b9c-a1e9-4669-a5cb-ff3c00d78f89,gpt-oss-20b-low,gpt-oss-20B (low),OpenAI,2025-08-05,14.3,,62.3,265.308,0.634,0.095,0.06,0.2,7.67679848,2.150697233413573,6.649006553704043,831.4810642535235
6f1a7562-6e96-46ac-af4f-6ba5a7a3da96,gpt-5-5-non-reasoning,GPT-5.5 (Non-reasoning),OpenAI,2026-04-23,35.4,56.5,,69.158,0.949,11.25,5.0,30.0,216.7209530947365,16.052401358250695,2.2052775288854165,653.488503531514
4c111fbc-d13a-42b4-858c-1dc17fe3c1d1,grok-1,Grok-1,xAI,2024-03-17,6.0,,,,0.0,0.0,0.0,0.0,,,,
1f054429-397e-4fdb-9e71-67bc92c1735e,gpt-5-5,GPT-5.5 (xhigh),OpenAI,2026-04-23,54.8,74.9,,79.385,16.793,11.25,5.0,30.0,2818.788428922533,0.7584547958384195,72.2521636103868,22.895301711048212
d4fc3f33-f2b0-4da1-88ee-f1f82bd4de31,gpt-5-4-nano,GPT-5.4 nano (xhigh),OpenAI,2026-03-17,38.2,56.1,,148.813,2.553,0.463,0.2,1.25,291.67041012848836,0.2101269041253478,181.79490227111714,17.057600923779855
59b5b14b-5365-4ee7-824a-18a8e6309644,gpt-5-3-codex,GPT-5.3 Codex (xhigh),OpenAI,2026-02-05,44.3,,,85.215,52.938,4.813,1.75,14.0,1571.55544525,0.6911059358647091,64.10015845772183,27.70229334343488
8869f28a-a6ff-487f-8d32-93fe335fdda5,gpt-5-4-nano-medium,GPT-5.4 nano (medium),OpenAI,2026-03-17,30.2,,,140.168,3.088,0.463,0.2,1.25,90.5669553,1.4359258880294823,21.03172611606257,138.8777710511712
c298d1a8-606c-4971-8613-ccdaaf941043,gpt-5-4-nano-non-reasoning,GPT-5.4 nano (Non-Reasoning),OpenAI,2026-03-17,17.6,,,146.363,0.536,0.463,0.2,1.25,23.55092945,6.56142064357378,2.6823459363540954,1137.0388244533287
c4169d75-9d24-4794-a9c3-69e1fe364de5,gpt-5-5-instant-06-26,GPT-5.5 Instant (June 2026),OpenAI,2026-06-25,28.9,39.4,,,0.0,11.25,5.0,30.0,,6.82974889230865,4.231487929599558,
e3396f8f-7994-4df5-bdab-43745681ef0a,gpt-5-5-pro,GPT-5.5 Pro (xhigh),OpenAI,2026-04-23,,,,,0.0,0.0,0.0,0.0,,,,
976cc8ad-7904-4056-83c5-960181f47d5f,llama-3-3-instruct-70b,Llama 3.3 Instruct 70B,Meta,2024-12-06,8.6,,7.7,95.755,0.628,0.612,0.58,0.71,85.54432522999998,3.7779094555610833,2.2763912426066217,876.5432161859346
45c87531-2d57-48e0-8012-202cd636189e,llama-3-1-instruct-405b,Llama 3.1 Instruct 405B,Meta,2024-07-23,8.5,,3.0,82.89,0.732,3.688,2.75,6.5,838.0485570000001,4.464265282676325,1.9040087140395594,907.1769073396347
9ca71ac4-41c8-42c0-87dd-5704a9e5b94d,llama-3-2-instruct-90b-vision,Llama 3.2 Instruct 90B (Vision),Meta,2024-09-25,6.2,,,60.716,0.647,1.38,1.38,1.38,,,,
5fb47ff6-a30e-4c2c-96f2-55e95a13390f,llama-3-2-instruct-11b-vision,Llama 3.2 Instruct 11B (Vision),Meta,2024-09-25,3.3,,1.7,69.405,0.477,0.245,0.245,0.245,,,,
922c69c7-9037-43c6-8bcf-a1c555e7f3eb,llama-4-maverick,Llama 4 Maverick,Meta,2025-04-05,14.3,16.3,19.3,109.704,0.618,0.475,0.35,0.85,38.324732395421144,3.0032955174215923,4.761436201348885,480.11278604356033
adf9a85e-abc3-4f28-937b-db6655cc5238,llama-4-scout,Llama 4 Scout,Meta,2025-04-05,10.0,8.2,14.0,101.138,0.594,0.292,0.17,0.66,11.38710679,2.4384642557629643,4.100941802352206,513.9129169872834
ebf3b39f-0be6-43a1-a37a-f9b2978c9916,muse-spark,Muse Spark,Meta,2026-04-08,43.1,58.6,,,0.0,0.0,0.0,0.0,,0.7579721168709544,56.86224999664179,
27202e5f-c82d-4710-92e9-4317877d4883,gemini-2-5-pro,Gemini 2.5 Pro,Google,2025-06-05,25.8,33.3,87.7,138.128,19.384,3.438,1.25,10.0,609.6689950996661,0.49086987246484615,52.559754524041765,54.76299274513357
feb02d3b-ff8d-4ed4-b165-13f8d4a7192c,gemma-4-12b,Gemma 4 12B (Reasoning),Google,2026-06-03,22.0,,,145.591,1.424,0.15,0.1,0.3,48.9194829,0.4306143808370398,51.089793975844024,59.38259281315543
d80eb0f1-f62e-4d31-99d2-7a925eb126b0,gemma-4-e4b,Gemma 4 E4B (Reasoning),Google,2026-04-03,12.5,,,,0.0,0.0,0.0,0.0,,0.8424806517341376,14.83713599151549,
d0aa27aa-4705-4184-9a1d-483b78c9331c,gemma-4-31b-non-reasoning,Gemma 4 31B (Non-reasoning),Google,2026-04-02,24.8,,,68.99,0.631,0.205,0.14,0.4,19.43316902,4.525680833472911,5.479838484537809,262.34764220763026
cd26a386-4873-46ff-b853-d239050025a2,gemma-4-31b,Gemma 4 31B (Reasoning),Google,2026-04-02,29.4,43.4,,35.165,0.896,0.0,0.0,0.0,,0.7818730368330999,37.60201287805219,19.48759774284271
c3f12f61-9d57-4e2c-9106-5a82bb1cfee2,diffusiongemma-26b-a4b,DiffusionGemma 26B A4B,Google,2026-06-10,13.5,19.7,,,0.0,0.0,0.0,0.0,,0.368215723182464,36.663290430186954,
b07aef0a-b192-46a1-b1c9-40b06d1b9061,gemma-4-e2b,Gemma 4 E2B (Reasoning),Google,2026-04-02,9.3,,,,0.0,0.0,0.0,0.0,,0.7609247481221317,12.221970730944488,
755d7281-2ed8-48c7-808f-709ec4cbfb71,gemma-4-e2b-non-reasoning,Gemma 4 E2B (Non-reasoning),Google,2026-04-02,6.4,,,,0.0,0.0,0.0,0.0,,1.453380446823351,4.403526973263236,
70882ec6-914c-41f0-9754-5e8f75005f77,gemma-4-26b-a4b-non-reasoning,Gemma 4 26B A4B (Non-reasoning),Google,2026-04-02,20.1,,,42.78,0.77,0.198,0.13,0.4,27.25038727,1.9518505280969376,10.297919697569048,86.5665396873515
6e1b44ff-c227-496b-aef4-19b70cd18c76,gemma-4-26b-a4b,Gemma 4 26B A4B (Reasoning),Google,2026-04-02,25.7,39.3,,,0.0,0.198,0.13,0.4,54.47459310313365,0.34563993284769606,74.35483448992721,
5303601c-8133-4f52-bc4e-5241ee6b3c10,gemma-4-e4b-non-reasoning,Gemma 4 E4B (Non-reasoning),Google,2026-04-03,8.9,,,,0.0,0.0,0.0,0.0,,1.879341642557443,4.73570094891779,
04781a0e-40f0-4e2a-a4e5-18e389364a79,gemma-3-270m,Gemma 3 270M,Google,2025-08-14,2.4,,2.3,,0.0,0.0,0.0,0.0,,,,
025ec6b6-df4a-449f-9a03-24e4388d6863,gemma-4-12b-non-reasoning,Gemma 4 12B (Non-reasoning),Google,2026-06-03,13.2,,,144.337,1.735,0.15,0.1,0.3,,0.8760217224866162,15.068119501113932,199.60774900937852
0097ebf5-124f-42f6-9463-33b00e711f03,gemini-3-5-flash,Gemini 3.5 Flash (high),Google,2026-05-19,50.2,70.1,,209.816,13.122,3.375,1.5,9.0,1040.8780605451614,0.6659753899943801,75.37816074618556,58.00318550934585
033ade17-d9ec-44e0-b792-b5f1fcd5ab4c,gemini-3-5-flash-minimal,Gemini 3.5 Flash (minimal),Google,2026-05-19,34.9,,,195.925,0.883,3.375,1.5,9.0,749.723088,3.752068439279636,9.301536089970813,438.92867953807223
bbd93ebe-80da-4594-bb19-61e69d0331df,gemini-3-1-pro-preview,Gemini 3.1 Pro Preview,Google,2026-02-19,46.5,68.8,,132.888,19.53,4.5,2.0,12.0,815.1126168932034,0.8302817763555533,56.00508324307386,49.444398351320935
a5092ece-d5a7-461f-b036-3faef262423f,gemini-3-deep-think,Gemini 3 Deep Think,Google,2026-02-05,,,,,0.0,0.0,0.0,0.0,,,,
598190f8-dc9c-4fea-a7ea-4b81c402ab18,gemini-3-1-flash-lite-preview,Gemini 3.1 Flash-Lite,Google,2026-03-03,25.0,34.7,,299.52,4.465,0.563,0.25,1.5,93.72015133584392,0.45249305382998417,55.249466899868224,112.96827928839932
5016ea75-7b0e-4737-a7e6-1062c6d90fd4,gemini-3-5-flash-medium,Gemini 3.5 Flash (medium),Google,2026-05-19,45.4,,,209.894,9.906,3.375,1.5,9.0,1417.4857155,0.965983230295184,46.998745502162315,93.06203322354193
c2b1e769-7aee-4669-8076-73918bdebf6c,claude-4-5-haiku,Claude 4.5 Haiku (Non-reasoning),Anthropic,2025-10-15,23.7,,39.0,100.959,0.553,2.0,1.0,5.0,205.112521,3.7399972598765983,6.336903038474949,331.99134114787046
142b93bf-09c4-42dc-9c3a-50b1a222cbd4,claude-sonnet-5-low,"Claude Sonnet 5 (Adaptive Reasoning, Low Effort)",Anthropic,2026-06-30,,,,55.073,2.014,6.0,3.0,15.0,,,,
cd55210d-358e-4df1-ba9c-9acb5f186cc9,claude-fable-5,"Claude Fable 5 (Adaptive Reasoning, Max Effort, Opus 4.8 Fallback)",Anthropic,2026-06-09,59.9,76.5,,,0.0,20.0,10.0,50.0,,0.6891937840564846,86.91314603483241,
e9a09db3-8fd6-41dd-ba2f-20e0a2bff7f2,claude-opus-4-7,"Claude Opus 4.7 (Adaptive Reasoning, Max Effort)",Anthropic,2026-04-16,53.5,73.6,,50.241,17.259,10.0,5.0,25.0,3737.818042898671,0.5349319117896382,100.01272838820441,10.467953346489123
df8d14e0-3997-4e4d-b4ad-9c047acc9c69,claude-sonnet-4-6-adaptive,"Claude Sonnet 4.6 (Adaptive Reasoning, Max Effort)",Anthropic,2026-02-17,47.2,63.0,,59.041,41.709,6.0,3.0,15.0,3355.8518741364983,0.23995629550847125,196.702486592329,6.254644540143546
992b7b84-5069-4c6a-9295-834252553d50,claude-opus-4-8,"Claude Opus 4.8 (Adaptive Reasoning, Max Effort)",Anthropic,2026-05-28,55.7,74.3,,64.524,22.966,10.0,5.0,25.0,3752.546240475629,0.4770800084617949,116.75190536612168,11.516382586657945
2e40e695-3cec-43da-83f9-615af30b8e91,claude-sonnet-4-6,"Claude Sonnet 4.6 (Non-reasoning, High Effort)",Anthropic,2026-02-17,35.9,,,48.646,1.052,6.0,3.0,15.0,1396.629696,3.2260122016862978,11.128290209576512,91.09141976602439
effcd151-7c31-4437-af3d-e88daeae9385,claude-sonnet-5-medium,"Claude Sonnet 5 (Adaptive Reasoning, Medium Effort)",Anthropic,2026-06-30,,,,52.535,1.48,6.0,3.0,15.0,,,,
23c86e4a-c769-43c0-a056-79e3cd15834f,claude-sonnet-5,"Claude Sonnet 5 (Adaptive Reasoning, Max Effort)",Anthropic,2026-06-30,53.4,71.5,,69.075,72.504,6.0,3.0,15.0,6015.1843347370395,0.17571803457210128,303.89595541537153,4.736469576649594
2fa8e143-77a8-4d05-bfa8-d3b54634c00f,claude-opus-4-7-non-reasoning,"Claude Opus 4.7 (Non-reasoning, High Effort)",Anthropic,2026-04-16,42.7,,,41.493,1.383,10.0,5.0,25.0,1031.557925,4.48469304864747,9.521275935011385,90.81100102532706
a6340098-d7ae-462d-b372-0a0a67fc44b4,claude-4-5-haiku-reasoning,Claude 4.5 Haiku (Reasoning),Anthropic,2025-10-15,29.6,43.9,83.7,108.764,9.933,2.0,1.0,5.0,539.0420164053902,0.3355840211393881,88.20443804058641,25.695289338568713
ba0224cf-0351-4f56-8508-b3f1a740ae4a,claude-sonnet-5-high,"Claude Sonnet 5 (Adaptive Reasoning, High Effort)",Anthropic,2026-06-30,,,,54.122,6.437,6.0,3.0,15.0,,,,
f2e21112-192e-4aed-ae82-68ca3b38e667,claude-sonnet-4-6-non-reasoning-low-effort,"Claude Sonnet 4.6 (Non-reasoning, Low Effort)",Anthropic,2026-02-17,34.3,,,48.87,1.039,6.0,3.0,15.0,554.484411,5.892808439707303,5.82065416701441,174.95619341737867
99f376bf-cbcb-4124-bf3e-6b0a4e6e9bea,claude-sonnet-5-xhigh,"Claude Sonnet 5 (Adaptive Reasoning, Xhigh Effort)",Anthropic,2026-06-30,,,,76.305,9.682,6.0,3.0,15.0,,,,
713fae11-c75c-4f10-ae2c-8e4074cd58af,ministral-3-14b,Ministral 3 14B,Mistral,2025-12-02,11.1,14.4,30.0,82.855,0.488,0.2,0.2,0.2,119.57115320000001,0.7383519559301738,15.033480863494496,114.84654936656058
4928e950-7f37-4475-b0dc-c5bad781a321,mistral-large-3,Mistral Large 3,Mistral,2025-12-02,15.9,20.1,38.0,56.333,0.689,0.75,0.5,1.5,71.038521,2.83549187287721,5.607492707734714,209.3403476976621
70152cb0-fb36-4732-a925-89ef40994be1,magistral-small-2509,Magistral Small 1.2,Mistral,2025-09-17,11.3,14.7,80.3,84.378,0.487,0.75,0.5,1.5,273.8221385,0.3557934291956581,31.76000193580275,55.36145370130131
66f4ce73-9a9b-4b49-9c6e-bedb9bfdc720,ministral-3-3b,Ministral 3 3B,Mistral,2025-12-02,6.8,4.8,22.0,155.978,0.428,0.1,0.1,0.1,91.7844799,0.24864147504341738,27.34861510459023,118.84660682562667
ce819310-af7c-49d3-9a02-6845111e1788,devstral-small-2,Devstral Small 2,Mistral,2025-12-09,17.4,29.3,34.3,45.181,0.632,0.0,0.0,0.0,,1.8684026523958057,9.312767768600851,101.09643575423232
9741f3c2-cbb1-4a3f-99ee-7bd7384d9038,ministral-3-8b,Ministral 3 8B,Mistral,2025-12-02,9.0,9.7,31.7,82.375,0.463,0.15,0.15,0.15,113.47784744999998,0.47687992386194367,18.87267538359508,90.95377650674052
09f43999-b67b-4c1b-b050-44df41ed7e62,devstral-2,Devstral 2,Mistral,2025-12-09,19.2,31.3,36.7,39.139,0.714,0.0,0.0,0.0,,2.074643435271017,9.254602344470747,88.12735613198171
dd059b25-d82a-4ead-82a4-4adceaaec48b,mistral-medium-3-5,Mistral Medium 3.5,Mistral,2026-04-29,29.9,46.9,,121.401,0.661,3.0,1.5,7.5,1483.4021295000002,0.3284626612906589,91.03013378297292,27.79046807449294
864da2a5-156c-45fd-873c-8923be91914f,magistral-medium-2509,Magistral Medium 1.2,Mistral,2025-09-18,17.9,21.3,82.0,39.549,0.588,2.75,2.0,5.0,886.34599,0.4076163851223493,43.91383823942006,18.766915025180644
12f6a061-0ab3-4c76-b225-49abee253651,mistral-small-4-non-reasoning,Mistral Small 4 (Non-reasoning),Mistral,2026-03-16,12.4,,,156.099,0.547,0.262,0.15,0.6,16.36554375,4.779165384809756,2.5945952905108776,1253.6874372635004
3fd96175-4ef1-434c-8795-f873aec2abc1,mistral-small-4,Mistral Small 4 (Reasoning),Mistral,2026-03-16,20.8,,,171.565,0.548,0.262,0.15,0.6,47.88473685,0.5260976295221058,39.536387987328915,90.42540928473544
bf220674-68bd-43cc-a1b8-ce5ed4d2f18d,deepseek-v4-pro,"DeepSeek V4 Pro (Reasoning, Max Effort)",DeepSeek,2026-04-24,44.3,59.4,,72.723,1.084,0.544,0.435,0.87,176.33920107780003,0.23970471955395645,184.81071245669932,8.199803093635389
5da3c0e2-65d2-4bff-a410-cb2132ddafb6,deepseek-v4-pro-high,"DeepSeek V4 Pro (Reasoning, High Effort)",DeepSeek,2026-04-24,40.8,,,70.164,1.068,0.544,0.435,0.87,172.554215295,0.4799889711165157,85.00195307632586,17.200624453911285
89a2c945-1fab-4ee4-9f45-83a9f46cb221,deepseek-v4-flash-high,"DeepSeek V4 Flash (Reasoning, High Effort)",DeepSeek,2026-04-24,37.4,,,,0.0,0.175,0.14,0.28,57.431757880000006,0.4659598967127876,80.26441816955963,
d8ddb241-b3e4-4c25-a6a3-72eb1b30c541,deepseek-v4-flash,"DeepSeek V4 Flash (Reasoning, Max Effort)",DeepSeek,2026-04-24,40.3,56.2,,92.383,1.035,0.175,0.14,0.28,72.4213984676,0.17237674427872743,233.79023759049682,8.234257943506954
ad173c8d-f14f-4230-90e9-60979b7720e7,deepseek-v4-flash-non-reasoning,DeepSeek V4 Flash (Non-reasoning),DeepSeek,2026-04-24,28.7,,,94.927,0.982,0.175,0.14,0.28,40.04883344,3.340700683246241,8.591012102320853,230.25242014367
6e2a2572-ed8d-4616-8d7d-68d125fc8ee7,deepseek-v4-pro-non-reasoning,DeepSeek V4 Pro (Non-reasoning),DeepSeek,2026-04-24,31.2,,,68.539,1.173,0.544,0.435,0.87,153.96789765,2.903692113160482,10.744940849131835,132.92066738692927
98e3230e-cee1-4c19-b9f8-b6b6a826ca93,r1-1776,R1 1776,Perplexity,2025-02-18,6.3,,,,0.0,0.0,0.0,0.0,,,,
c76e0ae8-0fd2-45c0-a39d-d398fce9b128,falcon-h1r-7b,Falcon-H1R-7B,TII UAE,2026-01-04,9.8,,80.0,,0.0,0.0,0.0,0.0,,0.109893360868668,89.1773617854116,
948892b5-db03-4118-a4a8-ccd51ed871ea,grok-4-3,Grok 4.3 (high),xAI,2026-04-30,37.6,42.2,,125.861,28.817,1.563,1.25,2.5,299.97168877085073,0.45144995607076804,83.2871938392789,31.48993228374346
90c2a9cf-ad7e-4332-9be2-2fd1309833e2,grok-4-3-non-reasoning,Grok 4.3 (Non-reasoning),xAI,2026-04-30,24.8,35.2,,100.5,0.663,1.563,1.25,2.5,258.83919040520607,2.7570434522730816,8.995142959953462,232.81811588096082
5e8b0d98-a3b4-42b5-93d8-ecb748788754,grok-4-3-medium,Grok 4.3 (medium),xAI,2026-04-30,36.0,,,114.932,16.404,1.563,1.25,2.5,161.480425,1.7276020957839555,20.83813170165427,114.932
fe2c2289-d261-4433-8681-46448372c1f6,grok-4-3-low,Grok 4.3 (low),xAI,2026-04-30,35.4,,,93.586,6.168,1.563,1.25,2.5,98.67587875,3.5811496596059733,9.8850937170537,197.28264083795358
0b7efa66-2115-49e0-a1b7-a2ba225fe9f6,grok-build-0-1-06-16,Grok Build 0.1 0616,xAI,,39.8,51.5,,64.668,0.409,1.25,1.0,2.0,375.00657010387033,0.29631264718051376,134.31758778677383,10.032642210801166
344c6718-c573-41d4-9556-10287a3fa1fc,nova-micro,Nova Micro,Amazon,2024-12-03,4.7,,6.0,269.781,0.666,0.061,0.035,0.14,6.384766955,1.4419585794246834,3.2594556231117395,1724.7456810708259
e58bbffd-fdc2-412a-b6d7-ca0e3f5d611a,nova-premier,Nova Premier,Amazon,2025-04-30,12.7,,17.3,69.692,1.13,5.0,2.5,12.5,375.97911,4.475695960615873,2.8375475259611758,511.7979738717368
61bd9367-e520-4ec8-989e-5fbf50e61610,nova-2-0-lite-reasoning,Nova 2.0 Lite (high),Amazon,2025-10-29,18.2,23.0,94.3,180.11,16.534,0.85,0.3,2.5,634.8228193,0.08123932320259436,224.02943897763524,16.752958530417185
6fd796d3-f346-4f66-97df-5da81714fc73,nova-2-0-lite-reasoning-low,Nova 2.0 Lite (low),Amazon,2025-10-29,17.8,,46.7,176.697,5.245,0.85,0.3,2.5,72.957347,1.2576287579923733,14.153620364419137,260.14795243084893
76bce7fb-3a3f-4b66-a78d-35ccf3edf5d2,nova-2-0-lite,Nova 2.0 Lite (Non-reasoning),Amazon,2025-10-29,11.8,,33.7,220.619,0.852,0.85,0.3,2.5,411.0077043,0.2726680819954654,43.27605898587075,106.23166447268771
f4274721-ef28-4121-aa88-8e97267a5a82,nova-2-0-pro-reasoning-low,Nova 2.0 Pro Preview (low),Amazon,2025-11-27,19.6,25.9,63.3,143.424,5.236,3.438,1.25,10.0,243.65079,1.5872507135397604,12.34839577188763,242.03048366672152
a20ae33a-46e1-41e6-81a0-fe8b00d2e538,nova-2-0-pro,Nova 2.0 Pro Preview (Non-reasoning),Amazon,2025-11-27,14.4,20.9,30.7,155.267,0.738,3.438,1.25,10.0,206.39835125,2.692566450205369,5.348057426364231,604.9811991492255
fbdf8da1-b341-448c-b3cb-8aff1d8f70b9,nova-2-0-lite-reasoning-medium,Nova 2.0 Lite (medium),Amazon,2025-10-29,19.0,,88.7,172.737,11.965,0.85,0.3,2.5,182.8802508,0.4797940521593445,39.600324169274835,90.89613358623595
018c60e8-e908-431a-ba57-c840b1df3987,nova-2-0-omni-reasoning-medium,Nova 2.0 Omni (medium),Amazon,2025-11-26,20.9,,89.7,,0.0,0.85,0.3,2.5,109.4470815,0.7678399122714531,27.219215445798888,
b36ff8f3-0323-49d1-a063-ab09704fdb0c,nova-2-0-omni-reasoning-low,Nova 2.0 Omni (low),Amazon,2025-11-26,16.6,,56.0,,0.0,0.85,0.3,2.5,75.6264913,1.319648439091488,12.579107820131453,
0d94dc87-12c8-4d4a-8d99-804ce3f17bc2,nova-2-0-pro-reasoning-medium,Nova 2.0 Pro Preview (medium),Amazon,2025-11-27,21.8,34.0,89.0,120.636,14.868,3.438,1.25,10.0,406.77955563472,0.6172927297309952,35.31549773719194,71.18203103543877
1f6478c9-3e22-4586-adbe-841782859677,nova-2-0-omni,Nova 2.0 Omni (Non-reasoning),Amazon,2025-11-26,10.5,,37.0,,0.0,0.85,0.3,2.5,598.3533426,0.196438269679927,53.45190637806224,
ee708f92-374e-4123-b900-e22d7b2afc19,phi-4,Phi-4,Microsoft,2024-12-12,4.9,,18.0,39.977,0.486,0.219,0.125,0.5,,,,
9f873c2f-2c2d-4ccb-9e1b-71bf61b052be,phi-4-mini,Phi-4 Mini Instruct,Microsoft,2024-02-26,3.0,,6.7,46.013,1.305,0.0,0.0,0.0,,0.2750560088656321,10.906869522219866,87.9101883482575
2cd04201-2b6e-47ef-853e-7601f705f2a8,phi-4-multimodal,Phi-4 Multimodal Instruct,Microsoft,2025-02-26,4.5,,,16.798,1.331,0.0,0.0,0.0,,,,
fbc58677-e324-4b45-a979-7fd8eec555cd,lfm2-24b-a2b,LFM2 24B A2B,Liquid AI,2026-02-25,4.9,,,108.138,0.294,0.052,0.03,0.12,8.78229597,0.9367068996043064,5.2310920332389035,430.76930622424345
686ab020-ee58-4a70-a9ac-24d675a73506,lfm2-8b-a1b,LFM2 8B A1B,Liquid AI,2025-10-07,1.8,,25.3,,0.0,0.0,0.0,0.0,,0.904035140155778,1.9910730457776615,
5a088cde-18e2-4dfa-98dd-d283e1c19654,lfm2-5-1-2b-thinking,LFM2.5-1.2B-Thinking,Liquid AI,2026-01-20,2.7,,,,0.0,0.0,0.0,0.0,,0.2598150514201569,10.392007642520012,
739e531a-eb0a-478f-bb67-5845b79ce65d,lfm2-2-6b,LFM2 2.6B,Liquid AI,2025-09-23,2.7,,8.3,353.295,5.581,0.0,0.0,0.0,,1.0312548674879234,2.6181694604526253,2811.891228103781
3c5289e5-1c62-434c-bc44-c51c39f640a1,lfm2-5-vl-1-6b,LFM2.5-VL-1.6B,Liquid AI,2026-01-05,1.0,,,467.849,1.142,0.0,0.0,0.0,,0.7548638176038063,1.3247422603647094,7359.2421485846335
48194e0f-8226-4c57-8cb2-2a0fb68a84c9,lfm2-5-1-2b-instruct,LFM2.5-1.2B-Instruct,Liquid AI,2026-01-05,2.7,,,518.48,5.75,0.0,0.0,0.0,,1.7646457945652898,1.5300520978858136,7061.298461407037
e2b664ca-7992-4de6-8839-4867f035c892,lfm2-5-8b-a1b,LFM2.5-8B-A1B,Liquid AI,2026-05-28,8.3,,,334.218,1.576,0.0,0.0,0.0,,0.3908294858249082,21.23688283774578,327.94260599700806
b89c4faf-219e-4171-a1aa-e3bd2fd0a924,solar-pro-3,Solar Pro 3,Upstage,2026-04-06,14.1,16.2,,,0.0,0.0,0.0,0.0,,0.11623507159565152,121.30590024540834,
59a1bb20-9170-4dc2-ba9c-12d326cf068e,solar-open-100b-reasoning,Solar Open 100B (Reasoning),Upstage,2025-12-17,15.1,,,,0.0,0.0,0.0,0.0,,0.180138278688262,83.82449366095743,
eb689f7a-f210-4a87-b407-f249897f2764,solar-pro-2-reasoning,Solar Pro 2 (Reasoning),Upstage,2025-07-09,9.0,,61.3,,0.0,0.0,0.0,0.0,,0.4653122875475329,19.341848992286984,
44db6283-aa82-4799-af4a-679fe0530845,solar-pro-2,Solar Pro 2 (Non-reasoning),Upstage,2025-07-09,7.8,,30.0,,0.0,0.0,0.0,0.0,,2.041919482758703,3.819935147228202,
4bbceacb-cf47-464b-b60f-e1d1fe016d67,minimax-m2-7,MiniMax-M2.7,MiniMax,2026-03-18,38.1,52.6,,45.255,1.4,0.525,0.3,1.2,143.73074207653644,0.45116955885394927,84.44718676672416,11.167093733547066
277f939a-985b-4b37-859d-b3eabc7c0b26,minimax-m3,MiniMax-M3,MiniMax,2026-06-01,44.4,58.6,,89.438,1.659,0.525,0.3,1.2,203.85795386627436,0.5005264989778686,88.70659213981635,21.009947267447952
7393c56a-ec31-48e9-b804-c04f2d2cb641,llama-3-1-nemotron-instruct-70b,Llama 3.1 Nemotron Instruct 70B,NVIDIA,2024-10-15,7.6,,11.0,296.094,3.415,1.2,1.2,1.2,73.535496,3.5063948482906624,2.1674683909899466,2846.6600914311734
fe11ab6c-a4dd-4c28-9fef-07da76d5ed14,llama-65b,Llama 65B,Meta,2023-02-24,2.1,,,,0.0,0.0,0.0,0.0,,,,
5b52def2-ac9b-4465-ad80-91ea8079e253,nvidia-nemotron-3-ultra-550b-a55b,Nemotron 3 Ultra 550B A55B (Reasoning),NVIDIA,2026-06-04,37.8,49.3,,139.737,0.849,1.175,0.675,2.675,443.06889920540624,0.35018222605040533,107.94379950785695,26.97568570746962
63872e9c-3377-4a6b-b477-7bba244c38e9,nvidia-nemotron-3-super-120b-a12b,NVIDIA Nemotron 3 Super 120B A12B (Reasoning),NVIDIA,2026-03-11,25.4,37.7,,199.482,1.012,0.412,0.3,0.75,294.5645324025114,0.23791387653850676,106.76132207819734,38.93575039343111
9ee13921-62a4-425a-a22b-df3302198d93,nvidia-nemotron-3-nano-4b,NVIDIA Nemotron 3 Nano 4B,NVIDIA,2026-03-16,8.8,,,,0.0,0.0,0.0,0.0,,0.67434172355231,13.049763484369905,
f1d52583-9d20-4099-99ac-b5df9430c3b6,nvidia-nemotron-nano-9b-v2-reasoning,NVIDIA Nemotron Nano 9B V2 (Reasoning),NVIDIA,2025-08-18,8.8,,69.7,83.355,4.516,0.07,0.04,0.16,10.52642336,0.4470294043967197,19.68550594982869,88.23560199155091
e1cfa926-9e2b-4a0d-8c31-48366a5041c5,llama-nemotron-super-49b-v1-5-reasoning,Llama Nemotron Super 49B v1.5 (Reasoning),NVIDIA,2025-07-25,12.4,,76.7,50.938,0.259,0.175,0.1,0.4,37.178149000000005,0.3522996751827571,35.19730750125569,30.157214513666904
9815da7d-70f4-44d6-b539-9ffef0faa152,nemotron-cascade-2-30b-a3b,Nemotron Cascade 2 30B A3B,NVIDIA,2026-03-19,21.3,,,,0.0,0.0,0.0,0.0,,0.4294923559844859,49.59343211400344,
ab7f016c-a29b-4710-bdf6-6a5cd96aacca,nvidia-nemotron-nano-12b-v2-vl,NVIDIA Nemotron Nano 12B v2 VL (Non-reasoning),NVIDIA,2025-10-28,4.6,,26.7,221.923,0.744,0.3,0.2,0.6,78.5458364,1.299566890503281,3.539640809268822,1306.4773944058713
76dcf6ef-39ea-4be0-b693-b88da25b4caf,nvidia-nemotron-3-nano-30b-a3b-reasoning,NVIDIA Nemotron 3 Nano 30B A3B (Reasoning),NVIDIA,2025-12-15,14.2,14.4,91.0,95.082,1.785,0.096,0.055,0.22,42.81164217,0.11510304819691887,123.36771460393098,16.060370777052217
6e6e02fd-9cbd-417f-9bfc-673df89c313d,nvidia-nemotron-nano-12b-v2-vl-reasoning,NVIDIA Nemotron Nano 12B v2 VL (Reasoning),NVIDIA,2025-10-28,9.0,,75.0,291.211,0.208,0.3,0.2,0.6,123.08223,0.2172906244149564,41.41918237030257,146.50924580590922
2e8694f9-7782-47a6-a6ba-fdce89d939c8,nvidia-nemotron-nano-9b-v2,NVIDIA Nemotron Nano 9B V2 (Non-reasoning),NVIDIA,2025-08-18,7.4,,62.3,114.047,1.624,0.086,0.05,0.195,15.156911280000005,0.5737111035107684,12.898477918095766,184.24859283934927
26c0b5df-efa7-470f-a65e-2d883329e493,llama-nemotron-super-49b-v1-5,Llama Nemotron Super 49B v1.5 (Non-reasoning),NVIDIA,2025-07-25,8.7,,8.0,50.654,0.251,0.175,0.1,0.4,20.6852992,2.2384379943372172,3.886638817786863,271.5803481365526
23b379f7-18df-492a-9fc1-a56c5a5b9cfc,nvidia-nemotron-3-nano-30b-a3b,NVIDIA Nemotron 3 Nano 30B A3B (Non-reasoning),NVIDIA,2025-12-15,7.4,,13.3,87.238,0.297,0.088,0.05,0.2,13.73289455,1.034831638935633,7.1509216780530656,254.21575221109913
8c748e53-61ae-48b8-af8d-eb8298b1e9db,nemotron-3-nano-omni-30b-a3b,Nemotron 3 Nano Omni 30B A3B Reasoning,NVIDIA,2026-04-29,14.9,,,294.408,0.563,0.131,0.075,0.3,39.3667824,0.2728010321854185,54.618561669783965,112.32285308264684
cf095603-72b6-47f8-8ee1-09a42890f92a,llama-3-1-nemotron-ultra-253b-v1-reasoning,Llama 3.1 Nemotron Ultra 253B v1 (Reasoning),NVIDIA,2025-04-07,9.1,,63.7,51.878,0.71,0.9,0.6,1.8,486.8198586,0.3170561797763156,28.701538025280207,37.66490128390485
0de67206-4d36-4d10-b8f6-cf37fa747a03,kimi-k2-6,Kimi K2.6,Kimi,2026-04-20,42.8,56.0,,50.459,1.271,1.712,0.95,4.0,831.3420782199998,0.2620732300729366,163.31313193678153,6.438375622731901
598de97d-029e-47b6-96ec-dbc1e0f9045a,kimi-linear-48b-a3b-instruct,Kimi Linear 48B A3B Instruct,Kimi,2025-10-30,8.5,,36.3,,0.0,0.0,0.0,0.0,,,,
8d0cb231-7303-452c-9923-a9620b948475,kimi-k2-7-code,Kimi K2.7 Code,Kimi,2026-06-12,41.9,60.8,,53.647,1.157,1.712,0.95,4.0,524.5600213600001,0.40453677129510635,103.57525686937933,10.793149688331983
0fc6308e-fbd2-42d3-a216-06da3c43e34e,kimi-k2-6-non-reasoning,Kimi K2.6 (Non-reasoning),Kimi,2026-04-20,34.6,,,44.604,1.202,1.712,0.95,4.0,504.6224139,1.5814300637388643,21.878931476866985,42.48214897529741
c43aa1f9-31bd-4a99-be70-84c5e6bd2e75,qwen-chat-14b,Qwen Chat 14B,Alibaba,2023-09-25,2.1,,,,0.0,0.0,0.0,0.0,,,,
acad0665-9457-4531-abd5-b59efd7a89ea,step-3-vl-10b,Step3 VL 10B,StepFun,2026-01-20,9.5,,,,0.0,0.0,0.0,0.0,,0.1894145547190375,50.154540732582795,
6c7b322e-2f35-48ff-9171-fb621a726fc0,step-3-7-flash,Step 3.7 Flash,StepFun,2026-05-29,29.7,37.3,,386.787,0.739,0.438,0.2,1.15,320.061736211216,0.1156730533923712,256.75815696898303,31.39109012790354
1aa3694e-b656-4dbe-8f84-0c65d8897abb,step-3-5-flash,Step 3.5 Flash 2603,StepFun,2026-04-02,26.0,,,195.941,0.814,0.15,0.1,0.3,95.303402,0.1476244420694115,176.12259620107534,23.18296715937753
94a6d26e-a903-47f3-8323-ae422d237bb9,olmo-3-1-32b-instruct,Olmo 3.1 32B Instruct,Allen Institute for AI,2026-01-13,6.5,,,,0.0,0.0,0.0,0.0,,0.6924059202069788,9.38755693778149,
af74f222-05c7-422d-a653-b9c0707c9c72,molmo-7b-d,Molmo 7B-D,Allen Institute for AI,2024-09-25,3.8,,0.0,,0.0,0.0,0.0,0.0,,,,
338216fb-62c2-48f1-898a-9166d12fb35e,olmo-3-7b-think,Olmo 3 7B Think,Allen Institute for AI,2025-11-20,4.0,,70.7,,0.0,0.0,0.0,0.0,,,,
8f74a6ed-f82f-4a2f-a96b-4914993e47da,olmo-3-7b-instruct,Olmo 3 7B Instruct,Allen Institute for AI,2025-11-20,2.8,,41.3,,0.0,0.125,0.1,0.2,29.6785753,0.722483676378083,3.8755200865392725,
3ef6db79-1dfa-4780-8c4b-affe2740d9ac,molmo2-8b,Molmo2-8B,Allen Institute for AI,2025-12-11,2.0,,,,0.0,0.0,0.0,0.0,,,,
39b64e04-7a69-4aa2-9e2e-fe38c24681ec,olmo-3-1-32b-think,Olmo 3.1 32B Think,Allen Institute for AI,2025-12-12,8.1,,77.3,,0.0,0.0,0.0,0.0,,,,
54c7f3fc-7078-442a-b472-e8691257a88c,granite-4-0-350m,Granite 4.0 350M,IBM,2025-10-28,1.0,,0.0,,0.0,0.0,0.0,0.0,,0.8170759716651594,1.2238764015567005,
a2c8e7b2-57bf-4d1e-96ea-7944d786d94d,granite-4-0-nano-1b,Granite 4.0 1B,IBM,2025-10-28,2.1,,6.3,,0.0,0.0,0.0,0.0,,1.895911960755647,1.1076463693825795,
5dba8d07-9992-483c-81db-dac97cb15ba8,granite-4-0-h-small,Granite 4.0 H Small,IBM,2025-09-22,5.2,,13.7,407.446,8.711,0.107,0.06,0.25,4.48094976,4.61652507848772,1.1263883357270563,7537.732005926598
82ed9bd2-c97b-4c35-9312-94bb72001e36,granite-4-1-8b,Granite 4.1 8B,IBM,2026-04-29,6.7,9.5,,128.247,0.47,0.063,0.05,0.1,7.480217350000001,3.129758174515145,2.140740474633619,1248.3661181766709
91e3b45f-3f52-4511-8c15-8948854bebc5,granite-4-1-3b,Granite 4.1 3B,IBM,2026-04-29,3.2,,,,0.0,0.0,0.0,0.0,,3.1781489096499063,1.0068754142651235,
dafbb6d2-4825-43d1-a927-feedcfd2e998,granite-4-0-h-nano-1b,Granite 4.0 H 1B,IBM,2025-10-28,2.7,,6.3,,0.0,0.0,0.0,0.0,,2.80044477521138,0.9641325634768861,
1fc32894-1060-493b-af94-62bb1068555e,granite-4-0-micro,Granite 4.0 Micro,IBM,2025-09-22,2.4,,6.0,,0.0,0.0,0.0,0.0,,1.161280327474827,2.0666844544062295,
a68afa0b-7fe2-4e9d-bf3e-741cce3c6aeb,granite-4-0-h-350m,Granite 4.0 H 350M,IBM,2025-10-28,1.0,,1.3,,0.0,0.0,0.0,0.0,,3.094875623308999,0.3231147618561852,
d4be6393-8915-436c-a3a8-4e59bd5c89a9,granite-4-1-30b,Granite 4.1 30B,IBM,2026-04-29,8.9,10.4,,,0.0,0.0,0.0,0.0,,1.8204433628261327,4.8889189203795205,
016d330a-2141-4afa-b2fc-62b314423dc1,mercury-2,Mercury 2,Inception,2026-02-20,25.3,,,937.107,2.748,0.375,0.25,0.75,80.68276725000001,0.4717217703916097,53.633310116250684,364.09386335126374
dbbcf240-a69e-4078-8f16-7c94c7a8c514,reka-flash-3,Reka Flash 3,Reka AI,2025-03-10,4.1,,33.7,96.005,21.692,0.35,0.2,0.8,,,,
235060f4-057d-4bd1-8b8e-4a92908c770e,hermes-4-llama-3-1-70b,Hermes 4 - Llama-3.1 70B (Non-reasoning),Nous Research,2025-08-27,6.9,,11.3,83.595,0.621,0.198,0.13,0.4,29.84695475,1.9859392999480157,3.474426433970372,501.36724800621965
b7726745-9c77-40c3-8452-974cb53d6fbc,deephermes-3-llama-3-1-8b-preview,DeepHermes 3 - Llama-3.1 8B Preview (Non-reasoning),Nous Research,2025-02-13,2.3,,,,0.0,0.0,0.0,0.0,,,,
6ba9e8eb-8124-436d-842f-dbe36df80c27,hermes-4-llama-3-1-70b-reasoning,Hermes 4 - Llama-3.1 70B (Reasoning),Nous Research,2025-08-27,10.0,,68.7,86.91,0.631,0.198,0.13,0.4,47.99299802,0.3263596266804099,30.641044977639268,59.10509995701536
d3968fd3-97d8-4693-8d26-19cefc6f5d5f,hermes-4-llama-3-1-405b,Hermes 4 - Llama-3.1 405B (Non-reasoning),Nous Research,2025-08-27,8.8,,15.3,40.083,0.792,1.5,1.0,3.0,178.696391,4.470061481523861,1.968653012128157,424.2773245725408
a8efb564-9d17-4d7f-8f43-e9110657ce21,deephermes-3-mistral-24b-preview,DeepHermes 3 - Mistral 24B Preview (Non-reasoning),Nous Research,2025-03-13,5.3,,,,0.0,0.0,0.0,0.0,,,,
82b207dd-d285-4a52-b2fc-2cbd27543899,hermes-4-llama-3-1-405b-reasoning,Hermes 4 - Llama-3.1 405B (Reasoning),Nous Research,2025-08-27,9.0,,69.7,41.423,0.757,1.5,1.0,3.0,294.450286,0.4763591058639199,18.8933094575314,45.68696296527012
2f60d80d-c3d3-4a43-bded-0557898c4618,exaone-4-0-32b,EXAONE 4.0 32B (Non-reasoning),LG AI Research,2025-07-15,6.0,,39.3,,0.0,0.0,0.0,0.0,,2.6934758713406386,2.2276048817966903,
8273650d-40e5-45ee-aeda-df71de784164,exaone-4-0-1-2b,Exaone 4.0 1.2B (Non-reasoning),LG AI Research,2025-07-15,2.8,,24.0,,0.0,0.0,0.0,0.0,,4.1086178681555765,0.6814943832332998,
44b19b51-5367-4ef9-a2ff-2f90b89a0867,exaone-4-0-32b-reasoning,EXAONE 4.0 32B (Reasoning),LG AI Research,2025-07-15,10.6,,80.0,,0.0,0.0,0.0,0.0,,0.2732672079988684,38.789871926542666,
715e05fb-1313-441c-bf1d-8651c752a841,k-exaone,K-EXAONE (Reasoning),LG AI Research,2025-12-31,24.7,,90.3,,0.0,0.0,0.0,0.0,,0.2934251807866559,84.17818789028512,
9cc377dc-67ae-4042-bafc-0466b5f05089,k-exaone-non-reasoning,K-EXAONE (Non-reasoning),LG AI Research,2025-12-31,16.7,,44.0,,0.0,0.0,0.0,0.0,,1.2177997017047206,13.713256766792378,
d734e2ce-5cf8-467f-8148-586d02671333,exaone-4-0-1-2b-reasoning,Exaone 4.0 1.2B (Reasoning),LG AI Research,2025-07-15,2.9,,50.3,,0.0,0.0,0.0,0.0,,0.2840546083777678,10.209304529723571,
3538d399-1b3f-455d-9b13-1d8f9fee26c8,exaone-4-5-33b-non-reasoning,EXAONE 4.5 33B (Non-reasoning),LG AI Research,2026-04-09,,,,,0.0,0.0,0.0,0.0,,,,
508943e4-e9e1-4d10-9c0e-a7650e9d7315,exaone-4-5-33b,EXAONE 4.5 33B,LG AI Research,2026-04-09,23.0,,,,0.0,0.0,0.0,0.0,,0.2025666249196597,113.54288994607117,
82b36b4d-84dd-4bc0-ad32-e3aee9442789,mimo-v2-flash,MiMo-V2-Flash (Non-reasoning),Xiaomi,2025-12-16,24.7,49.8,67.7,105.875,2.798,0.15,0.1,0.3,409.66168600000003,0.6481447447508033,38.1087715360503,57.89315963191257
22d09131-343b-4adf-8760-533e20a2155f,mimo-v2-5-0424,MiMo-V2.5,Xiaomi,2026-04-22,40.1,,,87.258,1.64,0.175,0.14,0.28,49.29693986000001,0.6589331783935457,60.85594308327635,29.878654473150846
4764d31d-f4af-4297-8bd1-e993f26bcb64,mimo-v2-5-pro-non-reasoning,MiMo-V2.5-Pro (Non-reasoning),Xiaomi,2026-04-22,27.9,,,56.649,1.352,1.35,0.9,2.7,633.1123719,1.253538384619565,22.256996947458727,53.03767285198805
00f1248e-78e3-4230-8dc8-5e13ba8645e2,mimo-v2-5-pro,MiMo-V2.5-Pro,Xiaomi,2026-04-22,42.2,60.2,,51.273,1.706,0.544,0.435,0.87,98.46748027500001,0.44096197000289894,95.69986273356538,11.164420681704714
1479f50b-d37f-4b55-bb8b-4212a15042eb,mimo-v2-0206,MiMo-V2-Flash (Feb 2026),Xiaomi,2025-12-16,33.2,,,92.169,1.614,0.15,0.1,0.3,66.54481050000001,0.4524351082878147,73.38068905757854,26.173504030505086
94d09368-9035-47cf-963a-b4310b433a16,mimo-v2-omni,MiMo-V2-Omni,Xiaomi,2026-03-19,35.0,,,87.876,1.867,0.0,0.0,0.0,,0.496592416633747,70.48033523599624,25.981313160374146
296ace9b-0815-43b2-bafa-fd6cec5cce36,mimo-v2-omni-0327,MiMo-V2-Omni-0327,Xiaomi,2026-03-27,36.4,,,93.323,1.658,0.8,0.4,2.0,218.1398476,0.5193949585818576,70.08154276157322,27.74877504351656
ae4fe623-80ab-4ea3-8921-70a18ea0fc7e,ernie-4-5-300b-a47b,ERNIE 4.5 300B A47B,Baidu,2025-06-30,9.0,,41.3,,0.0,0.485,0.28,1.1,,,,
a518a64b-e337-48f3-85a1-ba7dc0e8f961,ernie-5-0-thinking-preview,ERNIE 5.0 Thinking Preview,Baidu,2025-11-13,21.9,,85.0,,0.0,0.0,0.0,0.0,,0.7350485987092261,29.793948370838674,
764dd095-6ebd-4760-8eb3-cbc40964db2e,sarvam-30b,Sarvam 30B (high),Sarvam,2026-03-06,6.6,,,234.914,1.153,0.047,0.026,0.11,15.260532034,0.1611693624168406,40.95071110928689,119.5380675441378
45790612-02e3-4c42-b5bd-cd7ed2ea1f2f,sarvam-105b,Sarvam 105B (high),Sarvam,2026-03-06,11.9,,,114.104,1.188,0.074,0.042,0.17,18.658891942,0.257017810355712,46.30029328913211,51.35419261466472
340fb211-4fad-41d3-87d5-ed0d0cd34088,hypernova-60b,HyperNova 60B 2605,Multiverse Computing,2026-05-26,22.1,,,359.328,0.663,0.065,0.04,0.14,34.66513646000001,0.2063035538223496,107.12369995831759,69.89792353144578
ea5d2c10-1051-437d-95c2-18d5e4d14ff3,cogito-v2-1-reasoning,Cogito v2.1 (Reasoning),Deep Cogito,2025-11-18,,,72.7,94.997,0.459,1.25,1.25,1.25,,,,
8ca48626-ff5e-48b3-8401-38081376d706,hy3,Hy3-preview (Reasoning),Tencent,2026-04-23,33.6,,,154.068,1.749,0.2,0.123,0.43,84.430313129,0.3386364067333934,99.22146388250894,32.35680214123937
b58b8272-cd3f-44b9-9b68-612f40779ce2,hy3-non-reasoning,Hy3-preview (Non-reasoning),Tencent,2026-04-23,26.1,,,144.899,1.672,0.2,0.123,0.43,36.068908602,2.442568223999343,10.685474306738143,282.57280479669356
fb112343-c82c-4b43-afea-996bd5101d62,kat-coder-pro-v1,KAT-Coder-Pro V1,KwaiKAT,2025-11-11,34.6,58.9,94.7,108.112,1.158,0.525,0.3,1.2,39.10802475630607,5.736724833324953,6.031315952092853,373.5257964304642
fc4223e8-4586-4ca1-97ca-bb55ff586947,kat-coder-pro-v2,KAT Coder Pro V2,KwaiKAT,2026-03-27,35.4,,,109.557,1.059,0.525,0.3,1.2,73.4940528,5.043393617515104,7.019083316650127,325.2509041205805
369329e4-629f-425d-975a-e8980aec2965,intellect-3,INTELLECT-3,Prime Intellect,2025-11-27,15.6,,88.0,,0.0,0.0,0.0,0.0,,0.3014134344774282,51.75615356046192,
666eb13f-0d22-4438-8eb0-01876e1a8604,motif-2-12-7b,Motif-2-12.7B-Reasoning,Motif Technologies,2025-12-04,12.8,,80.3,,0.0,0.0,0.0,0.0,,0.1524296325372817,83.97317363386898,
5a49ef80-3af5-404b-8ac0-e1b230ae95de,k2-think-v2,K2 Think V2,MBZUAI Institute of Foundation Models,2025-12-15,17.3,21.0,,,0.0,0.0,0.0,0.0,,0.1634057329287771,105.87143847358446,
dd738be7-2b69-4775-91a5-8851d3341c2d,k2-v2-medium,K2-V2 (medium),MBZUAI Institute of Foundation Models,2025-12-05,12.4,,64.7,,0.0,0.0,0.0,0.0,,1.1784332303207956,10.522445973985684,
dae31abc-0587-44d0-ba53-f78e96b6e486,k2-v2-low,K2-V2 (low),MBZUAI Institute of Foundation Models,2025-12-05,8.6,,35.3,,0.0,0.0,0.0,0.0,,1.7143399166427924,5.0165080545061675,
a38d719a-709c-4983-b3e7-7090389ae9a6,k2-v2,K2-V2 (high),MBZUAI Institute of Foundation Models,2025-12-05,14.2,,78.3,,0.0,0.0,0.0,0.0,,0.1941712533349511,73.1313196784314,
df4c5a29-4b5c-4fef-9f7f-5e24e118ab65,mi-dm-k-2-5-pro-dec28,Mi:dm K 2.5 Pro,Korea Telecom,2025-12-11,16.4,,76.7,,0.0,0.0,0.0,0.0,,0.378410359359424,43.33919406371973,
e0099b99-d368-4562-b0de-4016ea58af54,midm-250-pro-rsnsft,Mi:dm K 2.5 Pro Preview,Korea Telecom,2025-12-11,,,78.7,,0.0,0.0,0.0,0.0,,,,
339a92c1-8a42-417f-8d1f-cdbc605acd9e,hyperclova-x-seed-think-32b,HyperCLOVA X SEED Think (32B),Naver,2025-12-26,17.0,,59.0,,0.0,0.0,0.0,0.0,,1.040261377368425,16.34204669119344,
6056731b-c705-455b-aa0d-43cbf29b1054,longcat-flash-lite,LongCat Flash Lite,LongCat,2026-01-28,17.2,,,,0.0,0.0,0.0,0.0,,1.591801347289031,10.805368414402349,
60cff809-05fb-4439-afe7-8b1476439f49,tri-21b-think-preview,Tri-21B-think Preview,Trillion Labs,2026-02-10,13.6,,,,0.0,0.0,0.0,0.0,,0.1555381110354039,87.43837706055425,
5d891609-fe1c-4e8d-b9f0-5b0ff6d9f439,tri-21b-think-v0-5,Tri-21B-Think,Trillion Labs,2026-02-10,12.4,,,,0.0,0.0,0.0,0.0,,0.3216698884742099,38.54883669347303,
7d73161f-002f-4c9c-b4f8-6c4d91f2ba8e,nanbeige4-1-3b,Nanbeige4.1-3B,Nanbeige,2026-02-11,10.1,,,,0.0,0.0,0.0,0.0,,0.1099737455253322,91.84010194209023,
891bcdf2-8dd2-4dc3-829b-d963fde25876,apertus-8b-instruct,Apertus 8B Instruct,Swiss AI Initiative,2025-09-02,1.0,,,,0.0,0.125,0.1,0.2,,,,
49e70a38-4ac1-4659-b490-09b2c7ff21d6,apertus-70b-instruct,Apertus 70B Instruct,Swiss AI Initiative,2025-09-02,2.4,,,,0.0,1.345,0.82,2.92,,,,
433e410e-5170-4f03-b92f-7927c220b2fe,minicpm-v4-6-1-3b,MiniCPM-V 4.6 1.3B,OpenBMB,2026-05-11,4.2,0.7,,,0.0,0.0,0.0,0.0,,0.3180116601710414,13.207062903734554,
77f5ff8b-1536-474a-a337-e1bfd138d343,minicpm5-1b,MiniCPM5-1B (Reasoning),OpenBMB,2026-05-25,12.0,,,,0.0,0.0,0.0,0.0,,0.3353039346790642,35.78842583963647,
d306cccd-0085-4b2f-8aa0-ffcdbb434695,minicpm5-1b-non-reasoning,MiniCPM5-1B (Non-reasoning),OpenBMB,2026-05-25,11.7,,,,0.0,0.0,0.0,0.0,,1.4196551998266544,8.241437781109537,
b6d2e43d-3082-43f5-9318-0f4dbcb54163,trinity-large-thinking,Trinity Large Thinking,Arcee AI,2026-04-01,24.5,,,209.475,0.727,0.395,0.235,0.875,174.984440765,0.2059276844175227,118.97380417450688,36.689317186172254
0121d27b-5b8a-4901-8684-80589cc6d40d,jt-35b-flash,JT-35B-Flash,China Mobile,2026-05-14,28.4,,,,0.0,0.0,0.0,0.0,,2.089109448842219,13.594309295637542,
3d4e7366-928c-4eff-a8b0-2919c7d334c9,jt-mini,JT-MINI,China Mobile,2026-04-15,18.5,,,,0.0,0.0,0.0,0.0,,1.4447724881447483,12.804784249287648,
3b5ba264-ad25-429b-a460-4d8698205f0d,nex-n2-pro,Nex-N2-Pro,Nex AGI,2026-06-02,41.0,59.1,,74.743,0.951,1.0,0.5,2.5,,0.42944632828619445,95.4717674816782,16.313770226110485
92f245a7-43b4-4ffd-8bfb-866746bf824d,glm-5-1-non-reasoning,GLM-5.1 (Non-reasoning),Z AI,2026-04-07,35.4,,,52.505,0.829,2.15,1.4,4.4,617.5646028,0.5781659477252441,61.22809573839305,17.869347262898767
f7a4ea75-e548-4069-80d4-9be8bc7c009b,glm-5-2,GLM-5.2 (max),Z AI,2026-06-16,51.1,68.8,,159.939,0.821,2.15,1.4,4.4,932.6795968599051,0.36303713425408785,140.75695067666376,23.67790670520284
5aa1c578-af76-4b91-8699-cdd43582b3af,glm-5-1,GLM-5.1 (Reasoning),Z AI,2026-04-07,40.2,55.8,,65.578,0.883,2.15,1.4,4.4,660.5462019136418,0.32891207248857757,122.22111428091793,11.180744086412206
149096f3-57b7-4413-80c2-a2c010a2995a,glm-5-turbo,GLM-5-Turbo,Z AI,2026-03-15,38.1,,,,0.0,0.0,0.0,0.0,,0.4953685557138272,76.91243128078207,
248deb0d-426c-4fa9-86fa-bc60aa9c3719,glm-5v-turbo,GLM 5V Turbo (Reasoning),Z AI,2026-04-01,34.5,,,,0.0,0.0,0.0,0.0,,1.0136276191715885,34.03616806356949,
1e9907e0-ffac-4595-b006-962e4f1da7cf,north-mini-code,North Mini Code,Cohere,2026-06-09,20.6,,,57.403,0.237,0.0,0.0,0.0,,0.3657205066914789,56.32716684760071,21.23613419624729
3bc32f13-5afa-4e28-bce1-10e57376686b,command-a,Command A,Cohere,2025-03-13,7.7,,13.0,57.098,0.363,4.375,2.5,10.0,299.181555,3.5049287416692887,2.1969062904065573,541.5868892982547
81444bc8-72f9-4a2d-ad43-27e3f0d2f461,tiny-aya-global,Tiny Aya Global,Cohere,2026-02-17,1.0,,,134.907,0.272,0.0,0.0,0.0,,,,
2e9ff877-fd2c-4ce7-b631-7ca1bdb6d13e,command-a-plus,Command A+,Cohere,2026-05-20,29.3,,,158.306,0.171,0.0,0.0,0.0,,0.5594869071177001,52.36941137897998,62.990993984823604
a71c1a35-ccc8-43f0-a5a2-070a690b9a00,apriel-v1-6-15b-thinker,Apriel-v1.6-15B-Thinker,ServiceNow,2025-11-25,20.5,,88.0,,0.0,0.0,0.0,0.0,,0.3691909375901478,55.52682342045402,
78452c64-7303-4192-bca5-2d9ec5c623d4,jamba-1-7-large,Jamba 1.7 Large,AI21 Labs,2025-07-07,5.3,,2.3,61.432,0.924,3.5,2.0,8.0,965.334858,1.346079700271597,3.937359726122179,325.12348267370425
f78138d6-2e04-4a84-919a-20d177cb6ff1,jamba-reasoning-3b,Jamba Reasoning 3B,AI21 Labs,2025-10-08,4.1,,10.7,,0.0,0.0,0.0,0.0,,0.3006554135516845,13.636874026534647,
b4f14013-37dd-4c75-bd8a-378365d9ed77,jamba-1-7-mini,Jamba 1.7 Mini,AI21 Labs,2025-07-07,2.7,,0.3,,0.0,0.0,0.0,0.0,,1.5121967344680018,1.785481967033789,
2d28a13a-096e-475a-beb8-26bbd1c7d51c,qwen3-5-9b,Qwen3.5 9B (Reasoning),Alibaba,2026-03-02,21.4,28.7,,56.131,1.096,0.113,0.1,0.15,171.97365215000002,0.10426263308500568,205.25090693376703,5.6987089022851345
c8a79180-7d16-4474-8701-9a77c0baa56a,qwen3-next-80b-a3b-reasoning,Qwen3 Next 80B A3B (Reasoning),Alibaba,2025-09-11,19.8,,84.3,174.191,1.17,1.875,0.5,6.0,357.3420075,0.5206085713596261,38.03241262104106,95.44004045735187
8665ca00-c687-44c7-875c-22618cb31c4f,qwen3-6-35b-a3b,Qwen3.6 35B A3B (Reasoning),Alibaba,2026-04-16,31.6,41.9,,148.886,1.4,0.557,0.248,1.485,333.52623219500003,0.2135882984039832,147.9481799149475,20.97022131881627
b97ef678-2d31-4375-9416-67ea97f87204,qwen3-omni-30b-a3b-reasoning,Qwen3 Omni 30B A3B (Reasoning),Alibaba,2025-09-22,9.6,,74.0,87.185,1.181,0.43,0.25,0.97,132.30581902,0.2092778183066721,45.87203783791517,39.60522789129478
a87fce42-eea3-4e45-a96d-fe057814f371,qwen3-7-plus,Qwen3.7 Plus,Alibaba,2026-06-01,39.0,55.9,,50.0,1.689,0.59,0.4,1.16,149.4661630215265,0.3432443089239723,113.62169447837341,9.169961686155178
0e66bae9-41f1-42fc-9276-ce8cb6f72919,qwen3-5-397b-a17b,Qwen3.5 397B A17B (Reasoning),Alibaba,2026-02-16,33.7,48.2,,51.937,1.692,1.35,0.6,3.6,528.0552312,0.3822084091862089,88.17179107009555,12.274561206638364
2236df45-0699-40d1-b5cc-69ee345d2257,qwen3-5-122b-a10b,Qwen3.5 122B A10B (Reasoning),Alibaba,2026-02-24,32.3,45.7,,138.302,1.127,1.1,0.4,3.2,447.0722616,0.3373097183089253,95.75769166074848,30.0963321130632
2698f6c6-e436-47ce-a583-dbc25596c571,qwen3-next-80b-a3b-instruct,Qwen3 Next 80B A3B Instruct,Alibaba,2025-09-11,13.7,,66.3,186.199,1.066,0.875,0.5,2.0,132.972724,1.3843997016603689,9.89598595230049,392.0821334446561
30ef2a79-e800-4165-9f13-2a338f120db7,qwen3-5-397b-a17b-non-reasoning,Qwen3.5 397B A17B (Non-reasoning),Alibaba,2026-02-16,32.0,,,52.825,1.608,1.35,0.6,3.6,186.3738378,2.0013990042061436,15.988815789729458,68.84651881767117
3b156101-b0d7-4438-b350-2d1f1168f40a,qwen3-6-27b-non-reasoning,Qwen3.6 27B (Non-reasoning),Alibaba,2026-04-22,29.3,,,57.519,1.462,1.35,0.6,3.6,234.35163659999995,1.6655423463954702,17.591867335832326,68.13310232882921
0b226b82-1462-4860-bf1a-f8aed7024791,qwen3-omni-30b-a3b-instruct,Qwen3 Omni 30B A3B Instruct,Alibaba,2025-09-22,5.1,,52.3,107.2,1.079,0.43,0.25,0.97,85.06730941000001,0.2925578269457417,17.432451058456405,128.1430655348783
eebfef01-709e-4ffe-b72f-0db75ef2434b,qwen3-5-35b-a3b-non-reasoning,Qwen3.5 35B A3B (Non-reasoning),Alibaba,2026-02-24,23.4,,,202.184,1.298,0.688,0.25,2.0,125.607107,0.8389741728274857,27.891204232352013,151.05611019406246
8c29d66d-bf98-4ea3-8572-5409353ecc66,qwen3-6-27b,Qwen3.6 27B (Reasoning),Alibaba,2026-04-22,37.1,53.7,,59.507,1.478,1.35,0.6,3.6,668.077305,0.25907483402292036,143.20186729027398,8.65920763907916
66938aab-78fa-49d7-8461-b48b6833e837,qwen3-6-35b-a3b-non-reasoning,Qwen3.6 35B A3B (Non-reasoning),Alibaba,2026-04-16,24.2,,,146.999,1.352,0.844,0.375,2.25,189.458331,1.2965884102212824,18.664365506606607,164.11940287641727
69534bed-2ffd-4235-832b-e20a810333ab,qwen3-7-max,Qwen3.7 Max,Alibaba,2026-05-19,46.0,66.0,,197.907,1.703,3.75,2.5,7.5,1631.3504971502557,0.4469755117555172,102.91391539400638,40.07244418687689
a6ea7ec0-0aca-4442-98fb-4296c6d18b31,qwen3-5-0-8b,Qwen3.5 0.8B (Reasoning),Alibaba,2026-03-02,5.0,15.0,,24.611,0.807,0.02,0.01,0.05,14.65616937,0.0451845598423133,110.65726915232061,4.63455553564651
fc92f822-04b7-420d-9c07-a21af5e9aac7,qwen3-coder-next,Qwen3 Coder Next,Alibaba,2026-02-03,21.2,,,124.781,0.94,0.563,0.35,1.2,124.5387964,1.0855513832022596,19.529245992448818,133.14405035757738
6f3534b1-1168-472e-b3e3-23ab521504f5,qwen3-5-omni-flash,Qwen3.5 Omni Flash,Alibaba,2026-03-30,19.0,,,244.62,1.031,0.275,0.1,0.8,38.8015555,1.330857031275782,14.276514722085723,357.04959341182683
651ef7ae-9a8f-477e-9c8e-460aa156ba02,qwen3-5-4b,Qwen3.5 4B (Reasoning),Alibaba,2026-03-02,20.1,22.6,,22.587,0.573,0.06,0.03,0.15,44.87134005,0.1143888206413911,175.71647200571718,2.678581440731129
5d4acc80-7a88-4e84-bfe7-99071b84e6a4,qwen3-5-2b,Qwen3.5 2B (Reasoning),Alibaba,2026-03-02,10.2,19.7,,21.564,0.72,0.04,0.02,0.1,45.61030832,0.0418262653499664,243.86590374864042,1.8426252506280427
021b1b31-d2fc-4653-ab74-c10bd2f41c8e,qwen3-5-122b-a10b-non-reasoning,Qwen3.5 122B A10B (Non-reasoning),Alibaba,2026-02-24,28.1,,,160.132,1.126,1.1,0.4,3.2,166.3749992,1.2222679835386536,22.990048318737912,145.14330980894977
0179b427-93dc-415c-bb4c-f980ddf8d088,qwen3-5-omni-plus,Qwen3.5 Omni Plus,Alibaba,2026-03-30,30.6,,,55.172,1.304,1.5,0.4,4.8,149.7273984,2.4726903119437194,12.375184976539224,92.90215899182324
405e2235-0925-4634-a3c7-fbd5f6394bc0,qwen3-5-0-8b-non-reasoning,Qwen3.5 0.8B (Non-reasoning),Alibaba,2026-03-02,4.4,21.9,,25.267,0.568,0.02,0.01,0.05,6.67358978,0.0977166805962322,45.02813617033218,11.693068345400587
30c9ba61-d0a1-4794-938e-35865f379d15,qwen3-5-4b-non-reasoning,Qwen3.5 4B (Non-reasoning),Alibaba,2026-03-02,16.0,20.3,,24.064,0.698,0.06,0.03,0.15,26.21777523,0.3008080604514702,53.1900640427862,9.4274900828328
20da3b31-fc0a-4359-abec-d59367bf1d9f,qwen3-5-9b-non-reasoning,Qwen3.5 9B (Non-reasoning),Alibaba,2026-03-02,20.3,23.5,,,0.0,0.0,0.0,0.0,,0.3484113547341846,58.26446160311736,
0985ada8-2ed8-404d-bd8b-7357666ce40f,qwen3-5-2b-non-reasoning,Qwen3.5 2B (Non-reasoning),Alibaba,2026-03-02,8.8,17.4,,24.183,0.824,0.04,0.02,0.1,13.34933808,0.1464306313672845,60.0967155425794,8.385292513765823
f371ad68-6947-4767-a78f-1f6c81f96b93,qwen3-6-plus,Qwen3.6 Plus,Alibaba,2026-04-02,39.6,54.5,,52.878,1.669,1.125,0.5,3.0,525.5754352045657,0.39062002593071465,101.37729089963237,10.869088316938544
47b7df55-5804-40de-ba11-317de786710a,ring-flash-2-0,Ring-flash-2.0,InclusionAI,2025-09-19,8.2,,83.7,,0.0,0.247,0.14,0.57,,,,
3d64bf83-232e-427e-8590-26b478bae4a8,ling-mini-2-0,Ling-mini-2.0,InclusionAI,2025-09-09,3.8,,49.3,,0.0,0.0,0.0,0.0,,0.3888617220464057,9.772111227616582,
2e46d2fd-eb2b-42b9-9fe4-be50630fe870,ling-2-6-1t,Ling-2.6-1T,InclusionAI,2026-04-23,26.1,,,,0.0,0.85,0.3,2.5,95.0488174,2.136356028307535,12.217064784223702,
91f3a4c8-b000-4513-942c-bfe283375c35,ling-2-6-flash,Ling 2.6 Flash,InclusionAI,2026-04-21,19.3,,,193.485,0.929,0.15,0.1,0.3,22.9000042,1.780629030516253,10.83886630468133,371.9822533979596
eb4ba465-3fcd-4065-9fe2-e8225e7b2c6c,ring-2-6-1t,Ring-2.6-1T,InclusionAI,2026-05-08,30.6,42.8,,122.378,1.885,0.85,0.3,2.5,459.5832322,0.2923738590434465,104.66051958308923,24.365719676754683
4d6dd5ce-08cb-4e87-9288-1dd2f022aa35,doubao-seed-code,Doubao Seed Code,ByteDance Seed,2025-11-11,26.0,,79.3,,0.0,0.0,0.0,0.0,,0.8179760989793677,31.78576981948688,
5ad2f60f-ee05-49fd-85a0-cef69aa7cb7b,o1,o1,OpenAI,2024-12-05,23.4,39.7,,126.369,15.152,26.25,15.0,60.0,3270.35733,0.8745727078984802,26.755922965202174,98.41910026542979
078f4dc8-5350-40a2-a5ea-e8359f795b70,o1-preview,o1-preview,OpenAI,2024-09-12,17.0,34.0,,,0.0,28.875,16.5,66.0,,,,
b515503d-4d65-4a3f-8a4a-6c731e2b079f,o1-mini,o1-mini,OpenAI,2024-09-12,14.0,,,,0.0,0.0,0.0,0.0,,,,
8c1be908-67b6-4cf4-ba08-83ddbe44fde3,gpt-4o-2024-08-06,GPT-4o (Aug '24),OpenAI,2024-08-06,9.6,,,103.534,0.589,4.375,2.5,10.0,221.0257575,6.398755456922904,1.5002917465166798,1438.0237261240488
e98e911e-9fb2-4a9a-826e-3d681d0cdca8,gpt-4o-2024-05-13,GPT-4o (May '24),OpenAI,2024-05-13,8.6,24.2,,106.061,0.631,7.5,5.0,15.0,,,,
76aa6af5-fdc6-4739-a300-983f14e74a67,gpt-4-turbo,GPT-4 Turbo,OpenAI,2023-11-06,7.9,21.5,,38.927,1.516,15.0,10.0,30.0,,,,
c1045dc0-4fd3-4adb-9548-18763e0d051f,gpt-4o,GPT-4o (Nov '24),OpenAI,2024-11-20,11.2,,6.0,180.473,0.53,4.375,2.5,10.0,196.974515,6.481708770696542,1.7279394055213648,2176.418993962316
b5c1c91a-7474-4409-9a9c-9c2ac45d9eb6,gpt-4o-mini,GPT-4o mini,OpenAI,2024-07-18,6.9,11.4,14.7,79.976,0.603,0.262,0.15,0.6,,,,
037dec2f-51e8-4127-a1f1-85155dae7a1d,gpt-35-turbo,GPT-3.5 Turbo,OpenAI,2022-11-30,3.6,10.7,,147.546,1.142,0.75,0.5,1.5,,,,
5e965af0-ca5c-4f47-9ba9-06000508b84a,gpt-5-medium,GPT-5 (medium),OpenAI,2025-08-07,33.7,,91.7,76.531,40.624,3.438,1.25,10.0,551.724095,0.9990687173183038,33.73141348120418,47.27827543153319
6a7c0e25-1dcb-4b15-8495-a8536a9da051,gpt-4,GPT-4,OpenAI,2023-03-14,7.0,13.1,,39.234,1.229,37.5,30.0,60.0,,,,
6dd8ba55-5680-44a9-b309-82928165d5f0,gpt-5-2-non-reasoning,GPT-5.2 (Non-reasoning),OpenAI,2025-12-11,26.0,,51.0,59.304,0.722,4.813,1.75,14.0,225.43901275,8.80701252204189,2.9521929184190543,418.5988506119332
2dad8957-4c16-4e74-bf2d-8b21514e0ae9,o3-mini,o3-mini,OpenAI,2025-01-31,19.0,,,221.876,4.615,1.925,1.1,4.4,,,,
b4784397-aa28-411b-b011-9c4331bfa9c8,gpt-4o-chatgpt,GPT-4o (ChatGPT),OpenAI,2025-02-15,8.2,,,,0.0,0.0,0.0,0.0,,,,
a89c4b28-2d8c-456e-88ea-255fb51fd2b6,gpt-5-4,GPT-5.4 (xhigh),OpenAI,2026-03-05,51.4,71.1,,157.208,107.681,5.625,2.5,15.0,2131.7653830456115,0.46973082956476087,109.42436979839233,29.937764454018307
9f7c7566-a704-49a2-a383-cb3181da33a4,gpt-4-1-mini,GPT-4.1 mini,OpenAI,2025-04-14,16.3,,46.3,86.069,0.57,0.7,0.4,1.6,53.7334464,4.975367602390353,3.2761398358121054,547.4482919881519
8eb02396-f231-4189-ae15-05f7facebd9b,gpt-5-nano-medium,GPT-5 nano (medium),OpenAI,2025-08-07,19.0,,78.3,139.648,35.146,0.138,0.05,0.4,25.8504293,0.5723055088874104,33.199051389417725,87.65320977816208
8b1a70d1-e05f-426b-9122-023d4629ab47,gpt-3-5-turbo-0613,GPT-3.5 Turbo (0613),OpenAI,2023-06-13,,,,,0.0,0.0,0.0,0.0,,,,
05e45a36-b5c6-47a1-8adb-9ddc19add5b3,gpt-5-nano-minimal,GPT-5 nano (minimal),OpenAI,2025-08-07,8.0,,27.3,141.925,0.703,0.138,0.05,0.4,24.8812947,1.5312016410632576,5.22465479755158,566.056889183038
84e3f11e-d659-4941-8988-1dbfabbaf538,gpt-5-2-medium,GPT-5.2 (medium),OpenAI,2025-12-11,38.0,,96.7,,0.0,4.813,1.75,14.0,699.64770575,2.173031592161295,17.487090448696716,
5d11e7a1-4f70-4e5a-9364-e193761d6757,gpt-5-codex,GPT-5 Codex (high),OpenAI,2025-09-23,36.1,,98.7,142.172,6.278,3.438,1.25,10.0,994.76608625,0.6192872794278058,58.29281691907964,50.82270881505319
84b49308-6b93-47aa-a4f6-776ee1a1e8cd,o4-mini,o4-mini (high),OpenAI,2025-04-16,25.6,,90.7,157.251,17.699,1.925,1.1,4.4,460.8724296,0.4012485125663549,63.80085956272922,51.36007681832339
7f3c9423-3ee3-4369-a6d9-3f2a40aff00e,gpt-5-low,GPT-5 (low),OpenAI,2025-08-07,31.2,,83.0,75.984,10.005,3.438,1.25,10.0,227.7876425,2.6156038818474503,11.928411720341558,132.7389292338377
72c358fd-7d45-4d68-89aa-699743710924,gpt-4-1-nano,GPT-4.1 nano,OpenAI,2025-04-14,9.6,11.1,24.0,186.383,0.544,0.175,0.1,0.4,40.47638776614828,1.100978659871451,8.719515055015584,445.42310856099397
076f2674-bc4b-4925-be59-50832eb8c090,o3-mini-high,o3-mini (high),OpenAI,2025-01-31,18.4,42.1,,206.864,14.916,1.925,1.1,4.4,314.72152580000005,0.4124600155312589,44.61038478190507,96.62905391660071
3b608b70-6434-4baa-99ad-45d499703c67,gpt-4-1,GPT-4.1,OpenAI,2025-04-14,19.4,,34.7,133.296,0.621,3.5,2.0,8.0,277.806692,5.840499423099294,3.3216337498934774,836.2269330243843
48e50f00-1fd1-4acc-b337-61078aa341e6,gpt-5,GPT-5 (high),OpenAI,2025-08-07,36.1,,94.3,84.483,78.707,3.438,1.25,10.0,912.56087125,0.5853719372343961,61.67019240887311,28.54649566972263
498862c3-f9ac-49d2-852f-16a02bb0c38f,gpt-5-2,GPT-5.2 (xhigh),OpenAI,2025-12-11,42.2,,99.0,70.922,65.5,4.813,1.75,14.0,2304.2196695,0.3955908190653967,106.67588317570068,13.853946483016937
4dc12a38-b18f-4c43-8e1b-678f8434b5b1,gpt-5-1,GPT-5.1 (high),OpenAI,2025-11-13,38.9,,94.0,92.674,24.059,3.438,1.25,10.0,778.97169875,0.6945986421132402,56.00356470846389,34.48268029672851
e18e5e6a-5a31-4c0b-b80b-ac401392f446,gpt-5-nano,GPT-5 nano (high),OpenAI,2025-08-07,19.9,,83.7,137.502,72.217,0.138,0.05,0.4,51.705823050000006,0.2437404147489304,81.64423622770308,35.09475889087481
fd4454ff-e703-46c0-a7f5-fa69af09486d,gpt-5-1-codex-mini,GPT-5.1 Codex mini (high),OpenAI,2025-11-13,30.6,,91.7,215.291,1.351,0.688,0.25,2.0,201.59733875,0.5169312272800151,59.19549523252998,75.78722324322227
bc26bfdb-4923-4442-a6ca-e77392923581,gpt-5-mini-minimal,GPT-5 mini (minimal),OpenAI,2025-08-07,14.3,,46.7,96.364,0.703,0.688,0.25,2.0,25.16373625,7.252618878788948,1.97170156587462,1018.4328896688128
eab1492c-b853-4852-aa71-06b0ec2481c1,gpt-5-chatgpt,GPT-5 (ChatGPT),OpenAI,2025-08-07,15.3,,48.3,172.295,0.585,3.438,1.25,10.0,,,,
c3274a19-6d3c-4d01-ab9b-5055a0a40429,gpt-5-mini-medium,GPT-5 mini (medium),OpenAI,2025-08-07,30.9,,85.0,101.118,16.161,0.688,0.25,2.0,61.9119005,1.8915790196721896,16.335558641031536,128.98917311069192
c3738fb0-3408-4430-a699-760ae4b70c93,gpt-5-minimal,GPT-5 (minimal),OpenAI,2025-08-07,17.2,,31.7,70.326,0.902,3.438,1.25,10.0,151.72274125,5.969517313333038,2.881304986180951,508.6106667218686
ca04852c-eaae-4881-a208-f9b2ca3b7cd6,o3-pro,o3-pro,OpenAI,2025-06-10,32.5,,,37.451,55.688,35.0,20.0,80.0,,,,
538e945c-6c27-4fd3-995d-ded80a36cd10,gpt-5-4-low,GPT-5.4 (low),OpenAI,2026-03-05,39.1,,,97.656,1.09,5.906,2.625,15.75,434.0365365,4.855833428636359,8.052170770400638,252.72297961404252
d0b3d47e-aec6-425e-9de7-168dcc6d1e28,gpt-5-1-non-reasoning,GPT-5.1 (Non-reasoning),OpenAI,2025-11-13,20.4,,38.0,84.14,0.822,3.438,1.25,10.0,94.73182625,7.069225418848151,2.8857475595005067,607.5792720000333
493f6a1e-7717-4e98-9d6f-548b92c4702d,gpt-5-4-non-reasoning,GPT-5.4 (Non-reasoning),OpenAI,2026-03-05,27.7,,,98.159,0.699,5.906,2.625,15.75,285.3283755,9.0321588292561,3.066819408697379,666.9614010860456
e8d4100e-165b-4c5d-ac11-ac553590a334,o1-pro,o1-pro,OpenAI,2025-03-19,18.9,,,,0.0,262.5,150.0,600.0,,,,
e34ffffb-d8e1-4f5c-a2c7-3ca19c235eeb,gpt-5-5-instant-05-26,GPT-5.5 Instant (May 2026),OpenAI,2026-05-05,33.5,,,,0.0,11.25,5.0,30.0,368.291195,17.7915424838925,1.8829171237024047,
e2e9ddc3-8c2d-4bf5-a60a-83a1afe61034,gpt-4o-realtime-dec-2024,GPT-4o Realtime (Dec '24),OpenAI,2024-12-17,,,,,0.0,0.0,0.0,0.0,,,,
29855680-7469-43eb-8b88-cd3fb1d99da3,gpt-5-mini,GPT-5 mini (high),OpenAI,2025-08-07,33.0,,90.7,92.952,75.132,0.688,0.25,2.0,168.457701,0.5973476408615832,55.244212486388186,35.061519220849036
019e86f6-e66b-42d8-8a50-235a06b53003,gpt-5-2-codex,GPT-5.2 Codex (xhigh),OpenAI,2025-12-11,40.1,,,119.606,0.978,4.813,1.75,14.0,3244.326456,0.2431551377503892,164.9152897651895,15.113004887883669
04d023f3-025c-4d78-9571-53edda3eaf2a,gpt-5-1-codex,GPT-5.1 Codex (high),OpenAI,2025-11-13,34.7,,95.7,173.138,2.098,3.438,1.25,10.0,891.9696675,0.7598580447639371,45.666424457979055,79.00492515854573
4343afb1-c928-44c9-92e2-68fa1195b6f5,gpt-4o-mini-realtime-dec-2024,GPT-4o mini Realtime (Dec '24),OpenAI,2024-12-17,,,,,0.0,0.0,0.0,0.0,,,,
575498d6-60ec-466b-9372-fea19911fd07,gpt-4o-chatgpt-03-25,"GPT-4o (March 2025, chatgpt-4o-latest)",OpenAI,2025-03-27,12.3,,25.7,,0.0,0.0,0.0,0.0,,,,
5bb1f426-2d64-4d03-99fb-8041ee85c33b,gpt-5-4-pro,GPT-5.4 Pro (xhigh),OpenAI,2026-03-05,,,,,0.0,67.5,30.0,180.0,,,,
5ce30d25-5353-45bb-bef9-6b87480ba3a2,gpt-4-5,GPT-4.5 (Preview),OpenAI,2025-02-27,13.6,,,,0.0,0.0,0.0,0.0,,,,
466aecdb-3d96-4191-bc52-b3366db38851,llama-3-1-instruct-70b,Llama 3.1 Instruct 70B,Meta,2024-07-23,6.8,,4.0,32.232,0.578,0.56,0.56,0.56,138.26876168,2.668439798167871,2.548305569669896,263.5691217732282
739684ba-0f63-4e2a-b4ee-30741c9e9320,llama-3-1-instruct-8b,Llama 3.1 Instruct 8B,Meta,2024-07-23,7.6,5.4,4.3,158.089,0.501,0.1,0.1,0.1,27.707839700000005,2.26818130419875,3.3507021620940263,983.1609147033399
71e8d48c-1920-4f27-8ea9-1f10becc615a,llama-3-2-instruct-3b,Llama 3.2 Instruct 3B,Meta,2024-09-25,4.2,,3.3,52.073,0.565,0.15,0.15,0.15,,,,
aa83359a-d804-4f0b-b5bf-dc637711c26f,llama-3-instruct-70b,Llama 3 Instruct 70B,Meta,2024-04-18,3.5,,,46.646,0.626,1.175,0.65,2.75,,,,
82879bb8-89fb-4adc-b519-315b8ef30b77,llama-3-instruct-8b,Llama 3 Instruct 8B,Meta,2024-04-18,1.2,,,80.979,0.46,0.07,0.045,0.145,,,,
80f7860a-7665-4658-9f05-15bccf5f832f,llama-3-2-instruct-1b,Llama 3.2 Instruct 1B,Meta,2024-09-25,1.1,,0.0,86.917,0.584,0.05,0.05,0.05,,,,
6b08a75a-19ee-40b4-be33-133b8ef42f92,llama-2-chat-13b,Llama 2 Chat 13B,Meta,2023-07-18,3.0,,,,0.0,0.0,0.0,0.0,,,,
599da8e0-bd9c-4b38-a127-b50e371fbcf8,llama-2-chat-70b,Llama 2 Chat 70B,Meta,2023-07-18,3.0,,,,0.0,0.0,0.0,0.0,,,,
ffd65ef7-fbdb-4145-98ae-b5d01cda770b,llama-2-chat-7b,Llama 2 Chat 7B,Meta,2023-07-18,4.3,,,111.306,10.195,0.1,0.05,0.25,,,,
c6a47d8a-7517-46e2-8383-329fe7241725,gemini-2-0-pro-experimental-02-05,Gemini 2.0 Pro Experimental (Feb '25),Google,2025-02-05,11.8,25.5,,,0.0,0.0,0.0,0.0,,,,
fddb72bd-60d3-41af-acc5-3df9a290eb8e,gemini-2-0-flash-experimental,Gemini 2.0 Flash (experimental),Google,2024-12-11,10.7,,,,0.0,0.0,0.0,0.0,,,,
2ac96b67-f4f8-4c8c-ac08-c7510faa7bb9,gemini-1-5-pro,Gemini 1.5 Pro (Sep '24),Google,2024-09-24,10.0,23.6,,,0.0,0.0,0.0,0.0,,,,
3de55b83-e02b-412e-8211-315bbebe3e94,gemini-2-0-flash-lite-preview,Gemini 2.0 Flash-Lite (Preview),Google,2025-02-05,8.6,,,,0.0,0.0,0.0,0.0,,,,
bcca0e70-7e80-4c07-b1fa-b33bcfb19e51,gemini-2-0-flash,Gemini 2.0 Flash (Feb '25),Google,2025-02-05,12.3,,21.7,,0.0,0.262,0.15,0.6,18.85624695,3.689715528416736,3.333590328379043,
41faf421-118b-465b-b170-d200776580d1,gemini-1-5-flash,Gemini 1.5 Flash (Sep '24),Google,2024-09-24,8.0,,,,0.0,0.0,0.0,0.0,,,,
94229066-9381-4ee1-bf70-a16d63756a6e,gemini-1-5-flash-8b,Gemini 1.5 Flash-8B,Google,2024-10-03,5.5,,,,0.0,0.0,0.0,0.0,,,,
c7667559-d9b6-43f1-8cd8-8bdbc78d190b,gemini-2-5-flash-preview-09-2025-reasoning,Gemini 2.5 Flash Preview (Sep '25) (Reasoning),Google,2025-09-25,23.8,,78.3,,0.0,0.0,0.0,0.0,,0.726395563659749,32.76451728324178,
222fb320-6e55-4672-846a-b6d5a24a45f4,gemma-3-4b,Gemma 3 4B Instruct,Google,2025-03-12,1.1,,12.7,,0.0,0.05,0.04,0.08,6.51804948,1.6434490707879938,0.669324057284341,
d1720545-d0a8-4c15-a53e-ef5ca99ac7ea,gemma-3-1b,Gemma 3 1B Instruct,Google,2025-03-13,1.0,,3.3,,0.0,0.0,0.0,0.0,,,,
2e6400f5-85ca-4ebc-ba8f-c2811a631138,gemma-3-12b,Gemma 3 12B Instruct,Google,2025-03-12,3.4,5.8,18.3,,0.0,0.14,0.09,0.29,20.16357532,1.6439661454483023,2.0681691100596447,
2bfdd17a-e027-4068-a54e-b0e90a6df118,gemma-3-27b,Gemma 3 27B Instruct,Google,2025-03-12,7.4,10.1,20.7,,0.0,0.145,0.11,0.25,82.60624718222351,0.9047833287471984,8.178753702553688,
a8c67863-9d66-44dd-8d27-f58654ecde03,gemma-3n-e2b,Gemma 3n E2B Instruct,Google,2025-06-26,1.0,,10.3,,0.0,0.0,0.0,0.0,,,,
d1122eff-ee85-4fdc-8a9f-23bee6590667,gemini-3-pro,Gemini 3 Pro Preview (high),Google,2025-11-18,39.6,,95.7,,0.0,4.5,2.0,12.0,819.837266,0.8680417877151883,45.61992355717452,
55a3ebf6-6117-4cc1-8596-c6de6e552fd4,gemini-2-5-flash-04-2025,Gemini 2.5 Flash Preview (Non-reasoning),Google,2025-04-17,11.7,,,,0.0,0.0,0.0,0.0,,,,
f4e8194a-d0e6-48eb-92be-4307de5aeeec,gemini-2-5-flash-lite-reasoning,Gemini 2.5 Flash-Lite (Reasoning),Google,2025-06-17,11.4,,53.3,304.466,17.478,0.175,0.1,0.4,77.85593440000001,0.1633151890384498,69.80367268421104,90.89067040036905
dfeeb904-e784-4d5c-ad66-9400146b150b,gemini-2-0-flash-thinking-exp-1219,Gemini 2.0 Flash Thinking Experimental (Dec '24),Google,2024-12-19,6.6,,,,0.0,0.0,0.0,0.0,,,,
68c89ebf-779c-4445-9241-de964cd17355,gemini-2-5-flash-reasoning-04-2025,Gemini 2.5 Flash Preview (Reasoning),Google,2025-04-17,17.5,,,,0.0,0.0,0.0,0.0,,,,
bd2c3517-00d8-4ba5-a989-1f1e52f3ffab,gemma-3n-e4b-preview-0520,Gemma 3n E4B Instruct Preview (May '25),Google,2025-05-20,4.6,,,,0.0,0.0,0.0,0.0,,,,
0399e614-5d46-484f-9183-e4f32d74e1c6,gemini-2-0-flash-thinking-exp-0121,Gemini 2.0 Flash Thinking Experimental (Jan '25),Google,2025-01-21,13.3,24.1,,,0.0,0.0,0.0,0.0,,,,
073b5329-c4b3-4f1f-8f97-4753aadf4398,gemini-2-5-pro-05-06,Gemini 2.5 Pro Preview (May' 25),Google,2025-05-06,22.3,,,,0.0,3.438,1.25,10.0,,,,
b2f3191f-77d6-4155-8be6-330f0baa1ae5,gemini-3-pro-low,Gemini 3 Pro Preview (low),Google,2025-11-18,33.1,,86.7,,0.0,4.5,2.0,12.0,354.970548,2.5209321703369914,13.130063707971676,
ac48c49d-9e77-4394-ac4e-d1ee51fd5fee,gemini-1-5-flash-may-2024,Gemini 1.5 Flash (May '24),Google,2024-05-14,4.9,,,,0.0,0.0,0.0,0.0,,,,
16f2578b-1b28-4be3-b371-700c2677bcd6,gemini-1-5-pro-may-2024,Gemini 1.5 Pro (May '24),Google,2024-05-15,6.3,19.8,,,0.0,0.0,0.0,0.0,,,,
1d81aa1c-64c8-442a-9c41-81b37e407b91,gemini-2-5-flash-lite,Gemini 2.5 Flash-Lite (Non-reasoning),Google,2025-06-17,6.9,,35.3,220.844,0.313,0.175,0.1,0.4,29.8749326,0.3554709127366021,19.41087091171587,237.08242553622404
219ed587-60c5-4a48-9517-8480e08d0ca1,gemini-2-5-flash-reasoning,Gemini 2.5 Flash (Reasoning),Google,2025-05-20,20.1,,73.3,218.369,10.27,0.85,0.3,2.5,171.94757470000002,0.5171768296908306,38.864850175163156,117.0827099821552
8ddacd41-bf43-411b-aa30-43ebf0567dd8,gemini-1-0-pro,Gemini 1.0 Pro,Google,2023-12-06,3.1,,,,0.0,0.0,0.0,0.0,,,,
877fdfc9-2026-477a-af96-e4fd602c0131,gemini-2-5-flash-preview-09-2025,Gemini 2.5 Flash Preview (Sep '25) (Non-reasoning),Google,2025-09-25,18.8,,56.7,,0.0,0.0,0.0,0.0,,1.0992691338546807,17.102272247084937,
84922739-425f-46e1-87ac-bb4268dcacbb,gemini-2-5-flash-lite-preview-09-2025-reasoning,Gemini 2.5 Flash-Lite Preview (Sep '25) (Reasoning),Google,2025-09-08,15.1,,68.7,,0.0,0.175,0.1,0.4,38.2122352,0.4861542834131349,31.060098646025896,
7c73c3be-7f51-4d14-bec8-d5789488df25,gemini-3-flash-reasoning,Gemini 3 Flash Preview (Reasoning),Google,2025-12-17,37.8,,97.0,185.342,6.253,1.125,0.5,3.0,278.26045500000004,0.6446740625588635,58.63428078673256,65.86899257612995
7b269763-ecc0-41ef-aa29-47ef632ac065,gemini-2-0-flash-lite-001,Gemini 2.0 Flash-Lite (Feb '25),Google,2025-02-25,8.8,,,,0.0,0.0,0.0,0.0,,,,
783a0ea2-1eef-422a-8c3d-f6d40d943f54,gemini-3-flash,Gemini 3 Flash Preview (Non-reasoning),Google,2025-12-17,27.4,,55.7,179.991,0.774,1.125,0.5,3.0,65.979814,8.558002812829315,3.201681583806518,1171.470699048476
71f51ea9-94fe-4635-a80d-4cfffbb685f4,gemini-2-5-flash-lite-preview-09-2025,Gemini 2.5 Flash-Lite Preview (Sep '25) (Non-reasoning),Google,2025-09-25,13.1,,46.7,,0.0,0.175,0.1,0.4,33.3883506,0.6974094642313112,18.783800151663982,
6afbfb62-27e4-435e-9c85-d9fe1b92519e,gemini-2-5-flash,Gemini 2.5 Flash (Non-reasoning),Google,2025-05-20,14.1,,60.3,195.504,0.394,0.85,0.3,2.5,84.27270970000001,1.1763763647495245,11.985959955088175,339.89251720057547
62de31e8-a1a3-429c-b634-a2afccfd9363,gemini-2-5-pro-03-25,Gemini 2.5 Pro Preview (Mar' 25),Google,2025-03-25,23.0,46.7,,,0.0,0.0,0.0,0.0,,,,
2ae624ca-25b4-4cc8-8970-cdfdd3320691,gemini-1-0-ultra,Gemini 1.0 Ultra,Google,2023-12-06,4.6,17.6,,,0.0,0.0,0.0,0.0,,,,
515852e7-ba9c-4571-8cf9-82ad6b45f22f,palm-2,PALM-2,Google,2023-05-10,3.2,4.6,,,0.0,0.0,0.0,0.0,,,,
a797eaf3-6d75-4f29-86a8-e1243ce52d43,gemma-3n-e4b,Gemma 3n E4B Instruct,Google,2025-06-26,1.2,3.2,14.3,54.73,0.482,0.025,0.02,0.04,5.721499560000001,0.6077705486319632,1.9744293347235924,577.6205448199527
0a603978-03b9-4f47-a273-2f7fd969be85,claude-35-sonnet,Claude 3.5 Sonnet (Oct '24),Anthropic,2024-10-22,9.9,30.2,,,0.0,6.0,3.0,15.0,,,,
aca9c1ad-fc86-49f3-a312-b1e517ea100c,claude-35-sonnet-june-24,Claude 3.5 Sonnet (June '24),Anthropic,2024-06-21,8.3,26.0,,,0.0,6.0,3.0,15.0,,,,
7829427f-f0e3-4f6d-a228-5fbf70dacc02,claude-3-opus,Claude 3 Opus,Anthropic,2024-03-04,11.8,19.5,,,0.0,30.0,15.0,75.0,,,,
033e4aa9-a556-4224-87b0-341ed1070257,claude-3-5-haiku,Claude 3.5 Haiku,Anthropic,2024-10-22,12.3,15.9,,,0.0,1.6,0.8,4.0,47.0323584,8.20667266974556,1.4987803821327932,
b2e68f0a-8f66-4e4c-9821-2b786cea601b,claude-3-sonnet,Claude 3 Sonnet,Anthropic,2024-03-04,4.7,,,,0.0,6.0,3.0,15.0,,,,
1fc54cef-d179-48b1-a27d-046874e9b208,claude-3-haiku,Claude 3 Haiku,Anthropic,2024-03-04,3.9,,,,0.0,0.5,0.25,1.25,36.43772225,3.976728208989098,0.980705694491351,
83cb898e-05d9-4e4b-9de3-2d305014d923,claude-instant,Claude Instant,Anthropic,2023-03-14,2.1,7.8,,,0.0,0.0,0.0,0.0,,,,
504412c2-2ada-499b-aebf-7e0a35c9d286,claude-4-opus,Claude 4 Opus (Non-reasoning),Anthropic,2025-05-22,25.5,,36.3,,0.0,30.0,15.0,75.0,,,,
d034dafe-463d-4c50-956f-84fca657b26f,claude-4-sonnet,Claude 4 Sonnet (Non-reasoning),Anthropic,2025-05-22,25.5,,38.0,,0.0,6.0,3.0,15.0,472.570059,5.514530767338594,4.624146836033836,
13358187-4584-479c-ab43-5bcdf8f297a4,claude-3-7-sonnet-thinking,Claude 3.7 Sonnet (Reasoning),Anthropic,2025-02-24,27.1,36.4,56.3,,0.0,0.0,0.0,0.0,,0.5996576125952006,45.19245554595149,
ccbfa8c3-a762-480b-aade-34fb9697f98c,claude-4-1-opus-thinking,Claude 4.1 Opus (Reasoning),Anthropic,2025-08-05,33.7,,80.3,34.582,8.04,30.0,15.0,75.0,,,,
53c98840-47af-49aa-94e6-469fb17e9a1b,claude-opus-4-6-adaptive,"Claude Opus 4.6 (Adaptive Reasoning, Max Effort)",Anthropic,2026-02-05,43.7,,,51.033,11.978,10.0,5.0,25.0,4969.681425,0.337336127774293,129.54438141069514,8.209019669939353
d925845d-39ad-4de3-8495-f176b79828c0,claude-3-7-sonnet,Claude 3.7 Sonnet (Non-reasoning),Anthropic,2025-02-24,23.5,,21.0,,0.0,6.0,3.0,15.0,436.513305,5.5331549081458675,4.247124902540408,
f2f60e3a-e5f5-4471-acd2-9f2f29c76007,claude-4-1-opus,Claude 4.1 Opus (Non-reasoning),Anthropic,2025-08-05,28.2,,,37.669,1.957,30.0,15.0,75.0,,,,
4077490a-bbfb-404e-979a-a97a20e3b5de,claude-opus-4-5,Claude Opus 4.5 (Non-reasoning),Anthropic,2025-11-24,34.7,,62.7,52.39,1.571,10.0,5.0,25.0,1152.7611000000002,5.473731078706925,6.339368796356228,172.21110727572201
4386585e-71b4-4a0c-8a63-afb333419cd6,claude-opus-4-6,"Claude Opus 4.6 (Non-reasoning, High Effort)",Anthropic,2026-02-05,37.8,,,45.511,1.811,10.0,5.0,25.0,1451.04078,4.264395194680881,8.864094033111465,106.98941237890881
2660d74f-ce79-48a8-8b53-6e668e2071a2,claude-opus-4-5-thinking,Claude Opus 4.5 (Reasoning),Anthropic,2025-11-24,40.8,,91.3,57.281,10.562,10.0,5.0,25.0,2734.3310549999997,0.6918486319900555,58.97243719719669,20.240456028824234
91cb6144-4937-4e4e-aeda-b4341d355c10,claude-4-5-sonnet,Claude 4.5 Sonnet (Non-reasoning),Anthropic,2025-09-29,29.3,,37.0,46.638,1.402,6.0,3.0,15.0,685.061592,4.715970331001859,6.212931367991774,156.4235509358098
ddc748d0-6a9b-466b-8d6c-68417980d56d,claude-2,Claude 2.0,Anthropic,2023-07-11,3.6,12.9,,,0.0,0.0,0.0,0.0,,,,
90e078f2-051b-4c63-8919-76618971cb3f,claude-4-5-sonnet-thinking,Claude 4.5 Sonnet (Reasoning),Anthropic,2025-09-29,34.7,,88.0,52.491,7.205,6.0,3.0,15.0,1458.786333,0.6758319786075245,51.34412264938311,21.30359454422728
9e141c0d-fc82-4e07-bb2e-fe0003bc030b,claude-21,Claude 2.1,Anthropic,2023-11-21,3.9,14.0,,,0.0,0.0,0.0,0.0,,,,
8a4a5ead-7789-4389-8400-30e9d20370b7,claude-4-opus-thinking,Claude 4 Opus (Reasoning),Anthropic,2025-05-22,31.0,,73.3,,0.0,30.0,15.0,75.0,,,,
a7564055-f8ba-4c4b-9e2d-060f61263645,claude-4-sonnet-thinking,Claude 4 Sonnet (Reasoning),Anthropic,2025-05-22,28.9,37.6,74.3,,0.0,6.0,3.0,15.0,1043.6840208948684,0.5128587879888109,56.35079416954539,
50f92d5f-f413-4c97-8dab-331101622a28,mistral-large-2,Mistral Large 2 (Nov '24),Mistral,2024-11-18,9.1,,14.0,53.875,0.72,3.0,2.0,6.0,124.14925,5.753295018641248,1.5817023063331699,709.776005846038
1b05e346-e86a-4a20-8feb-7da8c65a99aa,mistral-large-2407,Mistral Large 2 (Jul '24),Mistral,2024-07-24,7.3,,0.0,,0.0,3.0,2.0,6.0,,,,
de0beaf0-c951-487a-8eb4-3dd12e74122c,pixtral-large-2411,Pixtral Large,Mistral,2024-11-18,8.1,,2.3,55.231,0.817,3.0,2.0,6.0,,,,
e5dd499f-c330-45ec-9ff0-a99209c82af7,mistral-small-3,Mistral Small 3,Mistral,2025-01-30,6.9,,4.3,160.097,0.548,0.104,0.075,0.19,,,,
7c045ca0-b331-488d-af31-df0fd331dfd1,mistral-small,Mistral Small (Sep '24),Mistral,2024-09-17,4.7,,,158.74,0.564,0.3,0.2,0.6,,,,
ca6c1412-f3c1-4391-9231-f83a702aa7af,mistral-8x22b-instruct,Mixtral 8x22B Instruct,Mistral,2024-04-17,4.4,,,,0.0,0.0,0.0,0.0,,,,
35d602fc-b8b8-4698-9f4d-f2ce11ca50e4,mistral-small-2402,Mistral Small (Feb '24),Mistral,2024-02-26,3.6,,,153.458,0.572,1.5,1.0,3.0,,,,
5e4e4590-a77e-4b66-95f8-f3960a1a7c68,mistral-large,Mistral Large (Feb '24),Mistral,2024-02-26,4.4,,,,0.0,6.0,4.0,12.0,,,,
3edcb2ed-6981-4f88-a556-563f7f8f00aa,mixtral-8x7b-instruct,Mixtral 8x7B Instruct,Mistral,2023-12-11,2.4,,,,0.0,0.512,0.45,0.7,,,,
217b34ec-5920-4fc1-8886-6a70a324837d,mistral-7b-instruct,Mistral 7B Instruct,Mistral,2023-09-27,2.1,,,81.787,0.463,0.206,0.2,0.225,,,,
24ac5b00-5f03-4c47-8e37-522d1195383e,mistral-small-3-1,Mistral Small 3.1,Mistral,2025-03-17,14.7,26.3,3.7,147.653,0.562,0.138,0.105,0.235,30.985690695000002,2.973814513330163,4.943146229903397,622.4401458187263
9eae4ec4-61b8-48bc-9843-3edd506ae933,devstral-small,Devstral Small (Jul '25),Mistral,2025-07-10,9.3,,29.3,42.45,0.588,0.15,0.1,0.3,23.1025884,3.441039819436193,2.7026714272442756,327.2979030370579
59e22326-1bca-4432-a5fa-147fbe8854e7,mistral-medium-3,Mistral Medium 3,Mistral,2025-05-07,12.5,,30.3,50.328,0.549,0.8,0.4,2.0,40.2362304,4.7471887881177794,2.633137327777551,398.2859083031671
660965b2-66d2-49ee-a6b9-79a6ac47d3c0,magistral-medium,Magistral Medium 1,Mistral,2025-06-10,12.5,,40.3,,0.0,0.0,0.0,0.0,,0.3750892994682556,33.32539749259868,
43da3718-3d6e-40dd-901a-05664179ff7f,mistral-small-3-2,Mistral Small 3.2,Mistral,2025-06-20,10.6,12.5,27.0,145.515,0.467,0.128,0.087,0.25,111.46772463749998,1.257819780524176,8.427280413401212,359.81486147586423
05a32e26-e609-4377-951b-8fa23d329926,mistral-medium-3-1,Mistral Medium 3.1,Mistral,2025-08-12,14.7,20.5,38.3,88.692,0.554,0.8,0.4,2.0,131.5947016,1.6981637231361415,8.656409155209296,213.5037223570834
7a7b52f6-fdef-4dae-9203-58c710ccc81d,mistral-saba,Mistral Saba,Mistral,2025-02-17,6.4,,,,0.0,0.0,0.0,0.0,,,,
cc1fa238-1a76-486d-a997-22309275eadd,devstral-small-2505,Devstral Small (May '25),Mistral,2025-05-21,11.8,,,,0.0,0.0,0.0,0.0,,3.527827137009004,3.3448350901921997,
aba82268-2bb7-4a0f-80be-9b7722e2145b,devstral-medium,Devstral Medium,Mistral,2025-07-10,12.4,,4.7,32.927,0.582,0.8,0.4,2.0,67.39255600000001,5.476186017433033,2.2643496697383028,303.01731738264124
1f05af98-1ec6-4506-a0b8-57a8c9b63878,mistral-medium,Mistral Medium,Mistral,2023-12-11,3.6,,,64.528,0.619,4.088,2.75,8.1,,,,
0fec07d5-a9b2-407a-b5f8-5bf10bd86b59,magistral-small,Magistral Small 1,Mistral,2025-06-10,10.7,,41.3,,0.0,0.0,0.0,0.0,,,,
4a845d7b-a52d-43bb-80b7-b58c7a0c155e,deepseek-r1-distill-llama-70b,DeepSeek R1 Distill Llama 70B,DeepSeek,2025-01-20,9.9,,53.7,50.353,0.412,0.787,0.7,1.05,,,,
df95f83f-5ebb-466a-9d2d-b95efc8c012c,deepseek-r1-distill-qwen-32b,DeepSeek R1 Distill Qwen 32B,DeepSeek,2025-01-20,11.0,,63.0,,0.0,0.0,0.0,0.0,,,,
43fc5506-c5ed-4dee-9b85-962bf7ae3986,deepseek-v3,DeepSeek V3 (Dec '24),DeepSeek,2024-12-26,14.2,23.0,26.0,,0.0,0.523,0.4,0.89,21.66427532,4.311378579211915,3.2936100922493434,
b26ff709-1773-4595-ae44-78e0a5bac29c,deepseek-r1-distill-qwen-14b,DeepSeek R1 Distill Qwen 14B,DeepSeek,2025-01-20,9.8,,55.7,,0.0,0.0,0.0,0.0,,,,
bc4579d2-9c46-46c3-ace0-454039bf21bb,deepseek-v2-5,DeepSeek-V2.5 (Dec '24),DeepSeek,2024-12-10,6.8,,,,0.0,0.0,0.0,0.0,,,,
8f0a75d6-8d00-4c2e-bcd4-8e88a570a93c,deepseek-coder-v2,DeepSeek-Coder-V2,DeepSeek,2024-06-17,5.1,,,,0.0,0.0,0.0,0.0,,,,
0e49fe2d-dd3c-4ae5-b56f-a1c89e14b89e,deepseek-r1-distill-llama-8b,DeepSeek R1 Distill Llama 8B,DeepSeek,2025-01-20,6.4,,41.3,,0.0,0.0,0.0,0.0,,,,
7764d514-694f-444c-8d60-bdc6e24e223f,deepseek-llm-67b-chat,DeepSeek LLM 67B Chat (V1),DeepSeek,2023-11-29,3.0,,,,0.0,0.0,0.0,0.0,,,,
444cdb1e-bab8-42cd-938c-b2d7a93e2da1,deepseek-r1-distill-qwen-1-5b,DeepSeek R1 Distill Qwen 1.5B,DeepSeek,2025-01-20,3.7,,22.0,,0.0,0.0,0.0,0.0,,,,
198b717f-42c8-4ab7-a699-ae9373d669d3,deepseek-v3-1-reasoning,DeepSeek V3.1 (Reasoning),DeepSeek,2025-08-21,20.7,,89.7,,0.0,0.865,0.59,1.69,484.0100676,0.4639448125888252,44.61737568417548,
a83f84b3-473a-4276-9ae1-8909da723159,deepseek-r1,DeepSeek R1 0528 (May '25),DeepSeek,2025-05-28,20.1,,76.0,,0.0,2.063,1.35,4.2,280.10590245000003,0.5508114612117084,36.4916153991836,
75e1c197-f239-4361-a9d6-66dccfead236,deepseek-v3-0324,DeepSeek V3 0324,DeepSeek,2025-03-25,15.4,21.2,41.0,,0.0,1.209,1.195,1.25,137.78945643999998,3.383395649951793,4.551640302611201,
fb65266f-5a7d-403c-85d5-ccdf0d1ca838,deepseek-v3-1,DeepSeek V3.1 (Non-reasoning),DeepSeek,2025-08-21,21.0,,49.7,,0.0,0.834,0.555,1.67,99.60698752500002,3.0442730040556216,6.898198674042543,
07c35e00-2b12-44c8-91cc-408629cd569e,deepseek-v3-2-0925,DeepSeek V3.2 Exp (Non-reasoning),DeepSeek,2025-09-29,21.3,,57.7,,0.0,0.31,0.275,0.415,46.85302646000001,2.790804523226777,7.632207781923962,
0a7dda4d-cc9c-4a90-abc1-abb5772c901b,deepseek-v3-1-terminus-reasoning,DeepSeek V3.1 Terminus (Reasoning),DeepSeek,2025-09-22,26.3,,89.7,,0.0,1.914,1.635,2.75,277.74117251999996,0.7988943819200867,32.92049687067494,
0e34f05c-387e-4968-be15-ccec4a55d8c1,deepseek-r1-0120,DeepSeek R1 (Jan '25),DeepSeek,2025-01-20,18.5,24.6,68.0,,0.0,2.431,1.675,4.7,415.907224975,0.4275845192642795,43.266299799234794,
2d19c2d1-062d-436e-b2c2-3d3ecad34acc,deepseek-v2,DeepSeek-V2-Chat,DeepSeek,2024-05-06,3.6,,,,0.0,0.0,0.0,0.0,,,,
527e943a-adc6-4e69-93af-d1608e1b5fed,deepseek-v3-2-speciale,DeepSeek V3.2 Speciale,DeepSeek,2025-12-01,22.2,,96.7,,0.0,0.0,0.0,0.0,,,,
6d9a176d-feb8-4dac-8872-afe32b31897f,deepseek-v3-2,DeepSeek V3.2 (Non-reasoning),DeepSeek,2025-12-01,24.7,,59.0,,0.0,0.775,0.5,1.6,197.1875952,2.1017251836811015,11.752250099957775,
8a24865b-90d9-4e2b-a2fd-6851c2e9d627,deepseek-v2-5-sep-2024,DeepSeek-V2.5,DeepSeek,2024-09-06,6.6,,,,0.0,0.0,0.0,0.0,,,,
af134350-8ba3-4629-b56b-00bd6dcf60c4,deepseek-v3-2-reasoning-0925,DeepSeek V3.2 Exp (Reasoning),DeepSeek,2025-09-29,25.4,,87.7,,0.0,0.31,0.275,0.415,39.05466593,0.8294030400441911,30.624435616544968,
d621247c-d47e-458c-82cb-a166bc3b37e5,deepseek-v3-2-reasoning,DeepSeek V3.2 (Reasoning),DeepSeek,2025-12-01,33.4,,92.0,,0.0,0.337,0.3,0.45,75.6823071,0.678886035075201,49.19824281891473,
dfb9292d-bc7c-4425-a260-4256217e709f,deepseek-v3-1-terminus,DeepSeek V3.1 Terminus (Non-reasoning),DeepSeek,2025-09-22,21.4,,53.7,,0.0,0.453,0.27,1.0,40.89343934,3.526222009483931,6.068818112541906,
6000145b-0e3d-4fef-a55f-bcaac84803b2,deepseek-r1-qwen3-8b,DeepSeek R1 0528 Qwen3 8B,DeepSeek,2025-05-29,10.4,,63.7,,0.0,0.0,0.0,0.0,,,,
c7327e6e-b27f-4b1b-859d-159a34e0ba1c,deepseek-coder-v2-lite,DeepSeek Coder V2 Lite Instruct,DeepSeek,2024-06-17,3.1,,,,0.0,0.0,0.0,0.0,,,,
04751bd4-0c5d-416b-a5f2-83727c5bfcda,sonar-reasoning,Sonar Reasoning,Perplexity,2025-01-28,11.7,,,,0.0,0.0,0.0,0.0,,,,
1edc272c-d799-44d6-909a-bf3c1909a3a0,sonar-reasoning-pro,Sonar Reasoning Pro,Perplexity,2025-01-28,17.8,,,,0.0,0.0,0.0,0.0,,,,
5ec4a0db-da66-4e46-9682-fceeed755ef8,sonar,Sonar,Perplexity,2025-01-21,9.5,,,,0.0,0.0,0.0,0.0,,,,
3435db18-9227-45a5-8e79-9546b14b5aaa,sonar-pro,Sonar Pro,Perplexity,2025-01-21,9.3,,,,0.0,0.0,0.0,0.0,,,,
a04f5b78-f397-4fd8-a2b1-00dcab50324c,grok-beta,Grok Beta,xAI,2024-08-13,7.5,,,,0.0,0.0,0.0,0.0,,,,
49fd01f9-887d-4479-b8ce-771a81ecef4e,grok-4-1-fast,Grok 4.1 Fast (Non-reasoning),xAI,2025-11-19,16.9,,34.3,,0.0,0.0,0.0,0.0,,5.31156066144051,3.181739055092834,
c72cb85a-18a4-4235-b455-77dff2f16c50,grok-4-20,Grok 4.20 0309 v2 (Reasoning),xAI,2026-04-07,37.0,,,236.238,12.328,3.0,2.0,6.0,514.159296,0.8094853104152226,45.708056123984484,107.70001996108235
ff9bc5e5-a02f-4270-983e-4b3f834f3363,grok-3-mini-reasoning,Grok 3 mini Reasoning (high),xAI,2025-02-19,22.5,,84.7,50.942,0.663,0.35,0.3,0.5,104.8919487,0.3212622848161083,70.03623227320033,15.156956202395161
04787c2b-0751-4269-8029-075b727d7aed,grok-4-20-0309,Grok 4.20 0309 (Reasoning),xAI,2026-03-10,36.5,,,217.833,11.252,3.0,2.0,6.0,484.421726,0.8918994274165272,40.92389666144957,110.91887902362008
23149f9b-c904-43e2-9ec4-afa2bf843941,grok-4-1-fast-reasoning,Grok 4.1 Fast (Reasoning),xAI,2025-11-19,30.6,,89.3,,0.0,0.0,0.0,0.0,,0.7340600080703737,41.68596526657042,
2443ac9e-a3db-423d-accb-8963f6fb0a53,grok-3,Grok 3,xAI,2025-02-19,18.4,,58.0,,0.0,8.0,4.0,20.0,415.607208,4.7724769904395385,3.8554402749054186,
291a510a-dcc0-40df-8a80-b3aa31900a6c,grok-2-1212,Grok 2 (Dec '24),xAI,2024-12-12,8.0,,,,0.0,0.0,0.0,0.0,,,,
2dbb6dc7-8c40-4b6d-af9c-cf805f83b79a,grok-4-fast,Grok 4 Fast (Non-reasoning),xAI,2025-09-19,16.5,,41.3,,0.0,0.275,0.2,0.5,17.448047600000002,5.346553428571099,3.0861002738374825,
523125f4-a1da-4990-9abd-dd08a069100e,grok-4-20-0309-non-reasoning,Grok 4.20 0309 (Non-reasoning),xAI,2026-03-10,22.5,,,199.705,0.414,3.0,2.0,6.0,382.344676,0.9778732392616476,23.009117231788487,180.86217952462476
573bbd93-114c-4b71-9ede-a73a7d4bdf84,grok-4-fast-reasoning,Grok 4 Fast (Reasoning),xAI,2025-09-19,27.4,,89.7,,0.0,0.275,0.2,0.5,35.9855153,0.807478662969475,33.93278517012133,
5ea94a4a-55ac-4ea1-8898-2b3971e94af6,grok-4,Grok 4,xAI,2025-07-10,33.3,,92.7,,0.0,11.0,5.5,27.5,2881.151911,0.4695526882233234,70.91855895021992,
64312f37-3701-4243-a4c9-7c07a58cd6b9,grok-4-20-non-reasoning,Grok 4.20 0309 v2 (Non-reasoning),xAI,2026-04-07,21.8,,,206.007,0.406,3.0,2.0,6.0,425.944948,0.8044912299378361,27.097871535137195,158.41838322601512
a06bd3fc-86db-4a8e-ae6d-7459444d08c9,grok-code-fast-1,Grok Code Fast 1,xAI,2025-08-28,21.6,,43.3,,0.0,0.0,0.0,0.0,,0.4526098170161287,47.72322470245997,
ec3b22e6-48ac-416a-b4ae-55565a4f3046,grok-3-reasoning,Grok 3 Reasoning Beta,xAI,2025-02-19,15.1,,,,0.0,0.0,0.0,0.0,,,,
ec60e57e-76d3-42e3-a0e3-80662225a639,openchat-35,OpenChat 3.5 (1210),OpenChat,2023-12-18,3.0,,,,0.0,0.0,0.0,0.0,,,,
546ec53f-273c-4af7-b13f-b88c41f45905,nova-pro,Nova Pro,Amazon,2024-12-03,7.7,,7.0,,0.0,1.4,0.8,3.2,200.984304,3.043572643221384,2.529921543732287,
5c3dd927-48a3-4f3c-8045-9b135f62dfbb,nova-lite,Nova Lite,Amazon,2024-12-03,6.9,,7.0,170.959,0.655,0.105,0.06,0.24,21.164724179999997,1.802169186279175,3.8287193303121527,930.4589472983561
ded8d96e-835f-4359-947a-a4c3bb78e983,phi-3-mini,Phi-3 Mini Instruct 3.8B,Microsoft,2024-04-23,4.6,,0.3,,0.0,0.0,0.0,0.0,,,,
1299b9a8-af50-4742-a58b-24ff7eb48f9f,lfm-40b,LFM 40B,Liquid AI,2024-09-30,3.4,,,,0.0,0.0,0.0,0.0,,,,
0faadeeb-320c-45cf-9c76-5f8768f342e6,lfm2-1-2b,LFM2 1.2B,Liquid AI,2025-07-10,1.1,,3.3,497.952,5.884,0.0,0.0,0.0,,0.3406879987822658,3.2287606370983783,3213.7375678697563
d97713f2-afa6-4f8d-b2f3-ac89a24c4d6c,solar-mini,Solar Mini,Upstage,2024-01-25,6.2,,,77.539,0.759,0.15,0.15,0.15,,,,
8e78cf7a-5b76-4beb-beba-b99c6233b208,solar-pro-2-preview-reasoning,Solar Pro 2 (Preview) (Reasoning),Upstage,2025-05-20,12.5,,,,0.0,0.0,0.0,0.0,,,,
432d6c36-8825-47f3-b4eb-58529cea346b,solar-pro-2-preview,Solar Pro 2 (Preview) (Non-reasoning),Upstage,2025-05-20,10.0,,,,0.0,0.0,0.0,0.0,,,,
1cb96708-f6c1-4668-9804-5db6ecac01ed,dbrx,DBRX Instruct,Databricks,2024-03-27,3.0,,,,0.0,0.0,0.0,0.0,,,,
272ff333-442f-4169-a804-ac9177bc99d7,minimax-m2-1,MiniMax-M2.1,MiniMax,2025-12-23,31.4,,82.7,203.36,5.219,0.525,0.3,1.2,114.4574499,0.6750042805406865,46.51822352126156,91.0963949625368
12adec16-19fe-4d92-aeff-5ef3eb7e780a,minimax-m2-5,MiniMax-M2.5,MiniMax,2026-02-12,33.7,,,206.839,7.403,0.525,0.3,1.2,124.5803496,0.7453778993995526,45.21196567157064,95.33180561863271
f74ea286-cd29-4eb4-af14-1389b19c21e5,minimax-m2,MiniMax-M2,MiniMax,2025-10-26,28.3,,78.3,94.207,1.302,0.525,0.3,1.2,115.7639499,0.534615560706881,52.93523436276544,37.08490000751907
385376b1-9815-47dd-83cc-85aac34f247d,minimax-m1-40k,MiniMax M1 40k,MiniMax,2025-06-17,14.4,,13.7,,0.0,0.0,0.0,0.0,,,,
9ca246a7-cf13-42c9-9182-5b5ad6b79026,minimax-m1-80k,MiniMax M1 80k,MiniMax,2025-06-17,17.7,,61.0,,0.0,0.963,0.55,2.2,114.9730153,1.0042347294908969,17.625361362450715,
b1fa84f8-1ed3-4124-b403-4655dafa4267,llama-3-1-nemotron-nano-4b-reasoning,Llama 3.1 Nemotron Nano 4B v1.1 (Reasoning),NVIDIA,2025-05-20,8.5,,50.0,,0.0,0.0,0.0,0.0,,,,
1a8ba535-df18-459b-ad40-3199191296d7,llama-3-3-nemotron-super-49b-reasoning,Llama 3.3 Nemotron Super 49B v1 (Reasoning),NVIDIA,2025-03-18,12.2,,54.7,,0.0,0.0,0.0,0.0,,,,
c4c3b42f-e0f0-48ca-b6f9-b296e7697806,llama-3-3-nemotron-super-49b,Llama 3.3 Nemotron Super 49B v1 (Non-reasoning),NVIDIA,2025-03-18,8.5,,7.7,,0.0,0.0,0.0,0.0,,,,
bddebfd3-0a8d-47f5-b722-bc4c2ca5a5dc,kimi-k2-thinking,Kimi K2 Thinking,Kimi,2025-11-06,32.7,,94.7,142.212,0.793,1.075,0.6,2.5,308.1504595,0.4088883533693311,79.97293082706983,37.055443071902175
a550ffca-f89e-4381-ade6-a85dc6a1fb4c,kimi-k2-5,Kimi K2.5 (Reasoning),Kimi,2026-01-27,38.1,,,34.429,1.28,1.185,0.58,3.0,367.1649726799999,0.5281279295558827,72.14161165844673,9.944829618624878
ba04694d-326a-4a6a-8f1b-46316f872a7f,kimi-k2-5-non-reasoning,Kimi K2.5 (Non-reasoning),Kimi,2026-01-27,29.4,,,31.903,1.242,1.2,0.6,3.0,141.11665019999998,2.9139542540706076,10.089382823676823,65.89093974289369
441734a9-8901-4850-9bae-b474c370291f,kimi-k2,Kimi K2,Kimi,2025-07-11,19.4,,57.0,34.254,1.35,1.039,0.585,2.4,180.802504215,2.2884997578715174,8.477169347854119,84.20138067539625
66445f84-b2e3-4202-afdc-92ba0f0e5f36,kimi-k2-0905,Kimi K2 0905,Kimi,2025-09-05,23.5,,57.3,34.384,1.247,1.075,0.6,2.5,126.5650654,3.913466260393314,6.004906759471637,119.31880862255454
c8158c23-6fff-4c31-911d-954c32d80c28,step-3-5-flash-0202,Step 3.5 Flash,StepFun,2026-02-02,25.5,,,193.134,0.813,0.15,0.1,0.3,74.80080609999999,0.1863724845716989,136.82277219516254,29.414341366557885
f73f4711-9c61-40a7-a258-b71c14727f53,tulu3-405b,Llama 3.1 Tulu3 405B,Allen Institute for AI,2025-01-30,8.3,,,,0.0,0.0,0.0,0.0,,,,
f818a7bb-6f23-4b24-8d52-6b9c1a5ca628,olmo-2-7b,OLMo 2 7B,Allen Institute for AI,2024-11-26,3.9,,0.7,,0.0,0.0,0.0,0.0,,,,
54442579-2a4d-40cc-b264-bc4ff29e311a,olmo-2-32b,OLMo 2 32B,Allen Institute for AI,2025-03-13,5.0,,3.3,,0.0,0.0,0.0,0.0,,,,
c8a3fa87-735e-49a9-afb1-270c5e9f53f7,olmo-3-32b-think,Olmo 3 32B Think,Allen Institute for AI,2025-11-20,6.4,,73.7,,0.0,0.0,0.0,0.0,,,,
2cff73da-4855-403c-afc9-5540feadcc15,granite-3-3-8b-instruct,Granite 3.3 8B (Non-reasoning),IBM,2025-04-16,1.8,,6.7,366.96,21.603,0.085,0.03,0.25,13.36325524,0.8474470767236166,2.1240264429952664,3600.125052330194
a971b0c0-4c0f-484a-b018-e36b5be3409e,reka-flash,Reka Flash (Sep '24),Reka AI,2024-10-04,6.3,,,85.847,1.691,0.35,0.2,0.8,,,,
1dcea4f7-7e8b-49f8-abe2-5860ff9f349e,hermes-3-llama-3-1-70b,Hermes 3 - Llama-3.1 70B,Nous Research,2024-08-15,5.1,,,30.392,0.376,0.3,0.3,0.3,,,,
be185709-ddb4-4268-9597-856464359b25,mimo-v2-flash-reasoning,MiMo-V2-Flash (Reasoning),Xiaomi,2025-12-16,31.2,,96.3,94.531,1.941,0.15,0.1,0.3,47.486,0.4001430797659837,77.97210942207658,25.263513357397354
5d8183dc-24f4-46c5-a1d0-d937de149364,mimo-v2-pro,MiMo-V2-Pro,Xiaomi,2026-03-18,40.3,,,53.345,1.509,1.5,1.0,3.0,350.865457,0.6380614781734899,63.160058048579394,17.59989097492208
34ef2b5c-3df3-437e-b9c5-81346f8c14a8,sarvam-m-reasoning,Sarvam M (Reasoning),Sarvam,2025-05-23,3.0,,,,0.0,0.0,0.0,0.0,,,,
6fc35842-0165-44cf-8570-c484a92b3d8c,glm-4-7,GLM-4.7 (Reasoning),Z AI,2025-12-22,33.8,,95.0,117.64,0.608,1.0,0.6,2.2,478.0703998,0.2514008993288326,134.44661530740814,18.233243044293534
43098bd0-77ca-408b-b698-9d60b1d1c3b8,glm-4-6v,GLM-4.6V (Non-reasoning),Z AI,2025-12-08,11.0,,26.3,49.711,1.162,0.45,0.3,0.9,61.159427099999995,2.652755632770266,4.146631474122148,249.81346220072152
946e7aab-db1c-4c3f-b0b3-7720d0cff187,glm-4-6,GLM-4.6 (Non-reasoning),Z AI,2025-09-30,23.0,,44.3,44.459,1.752,1.0,0.6,2.2,111.1159132,3.4689902950821794,6.6301713304317955,139.73130574644017
f164b41f-44c5-4675-bca3-fea1db4bd9ae,glm-5-non-reasoning,GLM-5 (Non-reasoning),Z AI,2026-02-11,32.4,,,44.56,1.777,1.55,1.0,3.2,239.9912732,3.2092820646316844,10.09571591013095,91.9743737731295
81b6ddfc-111e-4422-bd44-42ee6165b699,glm-4-7-non-reasoning,GLM-4.7 (Non-reasoning),Z AI,2025-12-22,26.6,,48.0,119.54,0.589,1.0,0.6,2.2,147.1413482,2.598262888082785,10.237609181889866,243.31757731309625
40663ad2-b218-471e-bdd4-a1e0c2360e2b,glm-5,GLM-5 (Reasoning),Z AI,2026-02-11,39.5,,,62.877,0.698,1.55,1.0,3.2,547.0392278,0.4552575085048934,86.7640824414331,15.101170555100888
2c4394a2-b443-470a-908e-5c4a271b780c,glm-4-7-flash,GLM-4.7-Flash (Reasoning),Z AI,2026-01-19,22.9,,,99.665,0.914,0.153,0.07,0.4,40.01241694,0.4716290625956778,48.55510785100177,42.77268629324081
6a5d56e1-bb68-4205-8d9b-26b97888bc84,glm-4-6-reasoning,GLM-4.6 (Reasoning),Z AI,2025-09-30,25.1,,86.0,45.542,1.402,0.963,0.55,2.2,191.57034545,0.5660993734665146,44.338505174983545,21.403748056264753
5d303dc9-c027-401f-9803-4e9aa3331007,glm-4-5-air,GLM-4.5-Air,Z AI,2025-07-28,16.5,,80.7,79.636,1.471,0.372,0.17,0.98,93.37700393,0.341071298036588,48.376981865621495,34.3027901327639
c8673741-5e1a-46a1-9e4f-710a5c920982,glm-4-7-flash-non-reasoning,GLM-4.7-Flash (Non-reasoning),Z AI,2026-01-19,15.5,,,134.683,0.949,0.153,0.07,0.4,22.19086586,1.115032457207983,13.900940640608491,201.8958403271802
1cf439b8-0cfd-47b2-9de2-9a2157e6762b,glm-4.5,GLM-4.5 (Reasoning),Z AI,2025-07-28,19.5,,73.7,,0.0,1.0,0.6,2.2,408.4953032,0.4347414776884198,44.85424327047003,
3068def4-7270-4c06-a320-6f6a5623d564,glm-4-5v-reasoning,GLM-4.5V (Reasoning),Z AI,2025-08-11,9.1,,73.0,46.108,1.455,0.9,0.6,1.8,226.9949706,0.4923509343885306,18.48275155870606,51.98384956093296
d2d7dd95-770f-4cb0-9bbc-d275ac19c265,glm-4-6v-reasoning,GLM-4.6V (Reasoning),Z AI,2025-12-08,16.8,,85.3,43.938,1.217,0.45,0.3,0.9,185.4748722,0.2599572861036068,64.62600164745645,14.167452841998946
0081ab31-d10a-44a0-a10d-eee5533fec65,glm-4-5v,GLM-4.5V (Non-reasoning),Z AI,2025-08-11,7.0,,15.3,43.863,10.491,0.9,0.6,1.8,203.48759219999997,1.83292554593916,3.819031283353803,239.33372182984138
76361085-f5dc-49ec-b069-fe56ca885933,command-r-plus-04-2024,Command-R+ (Apr '24),Cohere,2024-04-04,3.0,,,,0.0,6.0,3.0,15.0,,,,
abe9f0c7-f4f6-430d-ba42-f45afdd4841b,command-r-03-2024,Command-R (Mar '24),Cohere,2024-03-12,2.1,,,,0.0,0.75,0.5,1.5,,,,
ac1031bc-c53e-4af7-9c6e-2005e0ff44fa,apriel-v1-5-15b-thinker,Apriel-v1.5-15B-Thinker,ServiceNow,2025-09-30,21.2,,87.5,,0.0,0.0,0.0,0.0,,,,
92b19c88-fa87-4595-957e-fe9aa5fa5ad4,jamba-1-6-large,Jamba 1.6 Large,AI21 Labs,2025-03-06,5.0,,,61.438,0.931,3.5,2.0,8.0,,,,
b4ddb4c8-1400-44ab-8c2b-e2472088e7ff,jamba-1-5-large,Jamba 1.5 Large,AI21 Labs,2024-08-22,5.1,,,,0.0,3.5,2.0,8.0,,,,
e8ffd75b-766f-4551-8c52-6e54706220eb,jamba-1-6-mini,Jamba 1.6 Mini,AI21 Labs,2025-03-06,2.6,,,185.228,0.879,0.25,0.2,0.4,,,,
540ebc58-a2d8-4dc9-ba6b-973efa52fab1,jamba-1-5-mini,Jamba 1.5 Mini,AI21 Labs,2024-08-22,2.7,,,,0.0,0.25,0.2,0.4,,,,
b3735511-c6ff-4928-8d72-2181444a4eb3,arctic-instruct,Arctic Instruct,Snowflake,2024-04-24,3.4,,,,0.0,0.0,0.0,0.0,,,,
b9dc72c6-7bea-4936-a55a-4b0c835fc755,qwen-2-5-max,Qwen2.5 Max,Alibaba,2025-01-28,10.2,,,,0.0,2.8,1.6,6.4,,,,
b4f7d7a4-869a-4ee7-b17a-4046cd1e79fd,qwen2-5-72b-instruct,Qwen2.5 Instruct 72B,Alibaba,2024-09-19,9.6,,14.0,,0.0,0.37,0.36,0.4,,,,
04586102-6a28-48f8-a82e-85775d7ed779,qwen2-5-coder-32b-instruct,Qwen2.5 Coder Instruct 32B,Alibaba,2024-11-11,7.1,,,,0.0,0.0,0.0,0.0,,,,
352f834f-a03c-4117-8a29-c3ccd8a568ce,qwen-turbo,Qwen2.5 Turbo,Alibaba,2024-11-18,6.3,,,113.698,1.201,0.088,0.05,0.2,,,,
7656c62b-5345-435b-bf12-b6ce2ca0d58d,qwen2-72b-instruct,Qwen2 Instruct 72B,Alibaba,2024-06-07,6.0,,,,0.0,0.0,0.0,0.0,,,,
093883ed-f5fc-443b-8e18-afbfb166699e,qwen3-coder-480b-a35b-instruct,Qwen3 Coder 480B A35B Instruct,Alibaba,2025-07-22,18.0,,39.3,65.588,1.622,0.675,0.3,1.8,158.5285791,2.7489052702411096,6.548061220902385,208.72306106199656
f6ccbe1d-bd7e-484b-9795-18cc9f91552d,qwen3-235b-a22b-instruct-2507-reasoning,Qwen3 235B A22B 2507 (Reasoning),Alibaba,2025-07-25,22.3,,91.0,66.686,1.214,0.838,0.4,2.15,157.6165471,0.4665369303766903,47.799002711306436,29.071979996097625
0e5f6140-1154-4583-a3e0-8c032a338892,qwen3-0.6b-instruct,Qwen3 0.6B (Non-reasoning),Alibaba,2025-04-28,1.0,,10.3,,0.0,0.188,0.11,0.42,21.34266668,1.9716255627363324,0.5071956962315624,
3373245b-e6dc-4b66-a7b0-3f06f9b7bd46,qwen3-235b-a22b-instruct-2507,Qwen3 235B A22B 2507 Instruct,Alibaba,2025-07-21,18.2,,71.7,62.768,1.181,0.356,0.2,0.825,71.807963175,1.6906344521884726,10.765189350329798,121.49975333312321
169e47f5-3d4d-4ad4-8f8b-ab46f0c73f67,qwen3-5-27b,Qwen3.5 27B (Reasoning),Alibaba,2026-02-24,33.8,,,82.554,1.426,0.825,0.3,2.4,299.2610907,0.4298833059934435,78.6259887945393,21.879166810781555
191a2097-cce3-49cf-881e-0c790892059f,qwen3-4b-instruct-reasoning,Qwen3 4B (Reasoning),Alibaba,2025-04-28,8.4,,22.3,,0.0,0.398,0.11,1.26,,,,
1d0db5a3-3132-4213-a94b-c2e395d08283,qwen2.5-32b-instruct,Qwen2.5 Instruct 32B,Alibaba,2024-09-19,7.5,,,,0.0,0.0,0.0,0.0,,,,
2bb84433-f38e-4edc-9b65-4d7b1f473db9,qwen3-1.7b-instruct,Qwen3 1.7B (Non-reasoning),Alibaba,2025-04-28,1.5,,7.3,,0.0,0.188,0.11,0.42,15.77048986,1.531446005972203,0.9794664612075303,
8823351e-8232-4c9c-8a1d-cd2c1d2c1196,QwQ-32B-Preview,QwQ 32B-Preview,Alibaba,2024-11-27,9.2,,,,0.0,0.0,0.0,0.0,,,,
da9fe224-8af3-46d7-a8c4-6220779c3f35,qwen3-coder-30b-a3b-instruct,Qwen3 Coder 30B A3B Instruct,Alibaba,2025-07-31,13.6,,29.0,110.107,1.582,0.352,0.19,0.839,29.29074836366,1.513382431528412,8.986492585529051,255.3192077372609
3cf875b8-b6b5-42c0-ad70-617d5be59d00,qwen3-vl-8b-instruct,Qwen3 VL 8B Instruct,Alibaba,2025-10-14,8.4,,27.3,146.698,0.978,0.31,0.18,0.7,72.73489158,0.5446580012477475,15.422521987663059,198.21091821523058
3e6cf518-a1f4-42d3-8fcf-827c9bd8e6d5,qwen3-30b-a3b-instruct-reasoning,Qwen3 30B A3B (Reasoning),Alibaba,2025-04-28,9.3,,72.3,115.09,1.058,0.18,0.09,0.45,23.57657937,0.475215711183054,19.570060040413146,122.5474307483402
41f73c27-880c-4f30-8b07-9999ce89a4ae,qwen-chat-72b,Qwen Chat 72B,Alibaba,2023-11-30,3.4,,,,0.0,0.0,0.0,0.0,,,,
43573c57-2403-46fb-af4b-a93de9a0c3f5,qwen3-235b-a22b-instruct,Qwen3 235B A22B (Non-reasoning),Alibaba,2025-04-28,10.9,,23.7,61.377,1.176,0.787,0.45,1.8,103.67145945,4.137972592671954,2.6341402113931593,485.54059648024537
4559e9f0-8aad-4681-89fb-68cb915e0f16,qwen3-14b-instruct-reasoning,Qwen3 14B (Reasoning),Alibaba,2025-04-28,10.4,13.8,55.7,62.204,1.1,0.731,0.235,2.22,71.21728631500001,0.6238043161490338,16.67189490480429,77.74851939572723
46d8315e-1630-463f-ab62-84185fa0faab,qwen3-5-35b-a3b,Qwen3.5 35B A3B (Reasoning),Alibaba,2026-02-24,29.3,,,158.824,1.05,0.688,0.25,2.0,301.69722,0.3694533239808397,79.30636456127685,41.73177585042807
4ae6c88d-9e4a-4850-89fe-18a1c04a66cc,qwen3-0.6b-instruct-reasoning,Qwen3 0.6B (Reasoning),Alibaba,2025-04-28,1.3,,18.0,,0.0,0.398,0.11,1.26,30.4182244,0.3317660997598241,3.9184232534340038,
509e94e3-f1cb-43fb-98ff-e0e9872cfd1f,qwen3-5-27b-non-reasoning,Qwen3.5 27B (Non-reasoning),Alibaba,2026-02-24,29.3,,,91.654,1.401,0.875,0.3,2.6,128.3653058,1.481544718565213,19.77665583282244,96.57336099330035
51d0b717-953d-4b44-af61-406c6b7dff39,qwen3-vl-30b-a3b-instruct,Qwen3 VL 30B A3B Instruct,Alibaba,2025-10-03,10.0,,72.3,122.352,0.991,0.3,0.2,0.6,116.6141152,0.7751239687034704,12.901162141491687,197.62460637255498
5962d643-0a6f-4630-bb08-ab5720d80056,qwen3-1.7b-instruct-reasoning,Qwen3 1.7B (Reasoning),Alibaba,2025-04-28,2.6,,38.7,,0.0,0.398,0.11,1.26,52.53470518,0.2165928578798557,12.004089264301703,
5b2beb12-81a9-47a1-8a2a-d0a727185b50,qwen3-max-preview,Qwen3 Max (Preview),Alibaba,2025-09-05,19.2,,75.0,53.171,1.846,2.4,1.2,6.0,249.5125248,3.319899116598387,5.783308265003117,191.58313026706037
5e0164b3-d902-4bcb-a1b2-83b4f4cd6143,qwen3-30b-a3b-2507-reasoning,Qwen3 30B A3B 2507 (Reasoning),Alibaba,2025-07-30,15.8,,56.3,144.531,1.01,0.673,0.28,1.85,117.53329028,0.424173155762207,37.248938989570426,80.85481344354733
6000692c-f9a6-47f8-a5c0-e0874ac488bb,qwen3-6-max,Qwen3.6 Max Preview,Alibaba,2026-04-20,40.0,,,39.529,2.266,2.925,1.3,7.8,860.5645893,0.7016092442437909,57.011791575113634,14.448072675447227
6da314d3-a984-4734-8f31-47dd32fb4699,qwen3-vl-32b-instruct,Qwen3 VL 32B Instruct,Alibaba,2025-10-21,11.1,,68.3,73.181,1.212,1.225,0.7,2.8,275.3600717,1.1644887322360535,9.532080210588004,159.98137682107182
dec8073c-57e2-41c0-b1aa-7a62960f103f,qwen3-vl-8b-reasoning,Qwen3 VL 8B (Reasoning),Alibaba,2025-10-14,10.6,,30.7,136.039,1.18,0.66,0.18,2.1,148.4810442,0.359356897424018,29.497138015115603,96.10419143405277
7ae943a9-9310-4472-a834-c61f0ab68485,qwen3-max,Qwen3 Max,Alibaba,2025-09-23,24.0,,80.7,58.879,1.753,3.047,1.655,7.225,257.846688825,2.477727104039208,9.68629675192035,126.66640181330989
7ec1065a-c90e-41e4-bd17-abb7042eed76,qwen3-30b-a3b-2507,Qwen3 30B A3B 2507 Instruct,Alibaba,2025-07-29,9.1,,66.3,147.011,1.086,0.213,0.15,0.4,53.63503955000001,1.0186926133399647,8.933018538501063,342.9338656791741
e46198a7-cd29-4afd-933d-cdf180f0f305,qwen3-4b-instruct,Qwen3 4B (Non-reasoning),Alibaba,2025-04-28,6.8,,,,0.0,0.188,0.11,0.42,,,,
ecc6524a-d521-458a-8327-5009e8ce6549,qwen3-14b-instruct,Qwen3 14B (Non-reasoning),Alibaba,2025-04-28,7.0,,58.0,60.958,1.016,0.381,0.235,0.82,18.79108813,2.685379712335566,2.6067077098425915,487.300830650532
b00ecd62-a53f-4aed-b833-3e9d6b0170ba,qwen3-32b-instruct-reasoning,Qwen3 32B (Reasoning),Alibaba,2025-04-28,11.5,15.3,73.0,99.258,1.056,0.276,0.195,0.52,35.07512203,0.5530640800891837,20.793250572601966,99.47224313105443
bf60740e-6aa5-422f-ba49-ef6e9d171205,qwen3-32b-instruct,Qwen3 32B (Non-reasoning),Alibaba,2025-04-28,8.6,,19.7,102.458,0.982,0.26,0.15,0.59,,,,
ceb4d610-d0a4-48c1-bea0-80ed76f1e5ca,qwq-32b,QwQ 32B,Alibaba,2025-03-05,13.4,,29.0,32.343,0.458,0.745,0.66,1.0,,,,
f3169f25-8c6f-48e4-ae87-0cf872dc0ec1,qwen3-30b-a3b-instruct,Qwen3 30B A3B (Non-reasoning),Alibaba,2025-04-28,6.8,,21.7,113.97,1.02,0.133,0.08,0.29,10.77768229,4.105621782444428,1.65626556958478,1433.901611945554
806032ff-6252-4c22-ba99-a126e411b7a4,qwen3-max-thinking,Qwen3 Max Thinking,Alibaba,2026-01-26,31.7,,,,0.0,2.4,1.2,6.0,668.5366992,0.465156154521055,68.14915742142485,
b2dd592a-fbc5-458a-b26d-f3964cbab82f,qwen3-8b-instruct,Qwen3 8B (Non-reasoning),Alibaba,2025-04-28,5.1,,24.3,62.651,1.417,0.185,0.18,0.2,34.73398496,0.9048057775826858,5.6365687823362025,231.61782276685634
bbe6d782-e630-48d5-b11c-3ce37f373f1e,qwen3-235b-a22b-instruct-reasoning,Qwen3 235B A22B (Reasoning),Alibaba,2025-04-28,13.4,,82.0,62.194,1.19,2.625,0.7,8.4,396.0858181,0.6517702728507365,20.55939118148269,63.03721504263051
cbac8c35-e069-4c73-823e-0953e6ed0e85,qwen3-max-thinking-preview,Qwen3 Max Thinking (Preview),Alibaba,2025-11-03,25.0,,82.3,50.665,1.755,2.4,1.2,6.0,293.3531112,1.0665280029206463,23.440547206954204,45.040072373015924
ce3d286e-093d-413d-a81a-0270309f039e,qwen3-vl-30b-a3b-reasoning,Qwen3 VL 30B A3B (Reasoning),Alibaba,2025-10-03,13.3,,82.3,125.847,1.172,0.338,0.2,0.75,86.2319191,0.4605347777928223,28.87946935026736,90.8055590790766
d58cf573-1bd3-4d1f-9182-5482a460f570,qwen3-vl-235b-a22b-instruct,Qwen3 VL 235B A22B Instruct,Alibaba,2025-09-23,14.3,,70.7,51.567,1.22,0.7,0.3,1.9,120.7410519,1.9324500916243867,7.3999323770269525,145.21212934258304
9dba61f5-78ee-4190-8d1d-8e7063ffd386,qwen3-8b-instruct-reasoning,Qwen3 8B (Reasoning),Alibaba,2025-04-28,8.3,9.0,19.0,62.762,1.438,0.37,0.11,1.15,52.45902507,0.341956452858515,24.272096433969438,53.88256533246402
a803d3d0-d22e-49a0-ac2c-b9c6f1141065,qwen3-vl-235b-a22b-reasoning,Qwen3 VL 235B A22B (Reasoning),Alibaba,2025-09-23,20.6,,88.3,58.931,1.502,2.174,0.84,6.175,346.43155026,0.6460478709210716,31.886182010987117,38.51235431344675
2aacdc07-5f4e-4ab9-8ea5-5f7ab93f9eeb,qwen3-4b-2507-instruct-reasoning,Qwen3 4B 2507 (Reasoning),Alibaba,2025-08-06,12.0,,82.7,,0.0,0.0,0.0,0.0,,0.3438095520600301,34.90304422346232,
f5d83128-047f-496d-ba49-8a428abe8345,qwen3-vl-4b-instruct,Qwen3 VL 4B Instruct,Alibaba,2025-10-14,4.1,,37.0,,0.0,0.0,0.0,0.0,,0.2553599048269864,16.05577039503467,
f93d0750-b659-4ceb-a123-7e657904ef2b,qwen3-vl-4b-reasoning,Qwen3 VL 4B (Reasoning),Alibaba,2025-10-14,7.9,,25.7,,0.0,0.0,0.0,0.0,,0.2207265258416202,35.79089540723599,
b0249961-b8b2-479d-8325-a29ea17c7b89,qwen3-4b-2507-instruct,Qwen3 4B 2507 Instruct,Alibaba,2025-08-06,7.1,,52.3,,0.0,0.0,0.0,0.0,,0.5894476612464786,12.045174604622142,
e410e854-104d-4b35-a171-899ff9d974bb,qwen2-5-coder-7b-instruct,Qwen2.5 Coder Instruct 7B ,Alibaba,2024-09-19,4.5,,,,0.0,0.0,0.0,0.0,,,,
d370fcbf-c4a1-41a2-abc4-d204fcc3fcbf,qwen3-vl-32b-reasoning,Qwen3 VL 32B (Reasoning),Alibaba,2025-10-21,17.9,,84.7,96.878,1.207,2.625,0.7,8.4,971.5924155,0.2478438522822893,72.2228929027953,27.951753825617374
d1768b3a-0a21-4e08-b3f6-56a9ab6cfbf3,qwen1.5-110b-chat,Qwen1.5 Chat 110B,Alibaba,2024-04-25,4.1,,,,0.0,0.0,0.0,0.0,,,,
882a5da3-94ca-4602-8693-c45970df17e2,ling-flash-2-0,Ling-flash-2.0,InclusionAI,2025-09-17,9.7,,65.3,72.107,0.998,0.247,0.14,0.57,16.7335587,1.0165834445829658,9.541764674300044,157.47350871671009
a29e66d6-1c3c-456a-8770-59ee3845b35d,ring-1t,Ring-1T,InclusionAI,2025-10-13,16.2,,89.3,,0.0,0.0,0.0,0.0,,0.4518451835004159,35.852988128587825,
15b56b8e-7b93-4ed9-ac06-75c922e3b86e,ling-1t,Ling-1T,InclusionAI,2025-10-08,12.8,,71.3,,0.0,0.0,0.0,0.0,,1.5310723731388636,8.360153461432146,
5c6533f3-75a2-4109-b9a9-3623afc6b86a,seed-oss-36b-instruct,Seed-OSS-36B-Instruct,ByteDance Seed,2025-08-20,18.3,,84.7,35.11,1.486,0.3,0.21,0.57,53.046525419999995,0.467643045786915,39.132411280073924,18.696185083223405
