id,name,cost_to_run,intel_per_m_output
1fc54cef-d179-48b1-a27d-046874e9b208,Claude 3 Haiku,36.43772225,3.976728208989098
033e4aa9-a556-4224-87b0-341ed1070257,Claude 3.5 Haiku,47.0323584,8.20667266974556
d925845d-39ad-4de3-8495-f176b79828c0,Claude 3.7 Sonnet (Non-reasoning),436.513305,5.5331549081458675
13358187-4584-479c-ab43-5bcdf8f297a4,Claude 3.7 Sonnet (Reasoning),,0.5996576125952006
d034dafe-463d-4c50-956f-84fca657b26f,Claude 4 Sonnet (Non-reasoning),472.570059,5.514530767338594
a7564055-f8ba-4c4b-9e2d-060f61263645,Claude 4 Sonnet (Reasoning),1043.68,0.5128587879888109
c2b1e769-7aee-4669-8076-73918bdebf6c,Claude 4.5 Haiku (Non-reasoning),205.112521,3.7399972598765983
a6340098-d7ae-462d-b372-0a0a67fc44b4,Claude 4.5 Haiku (Reasoning),539.04,0.3355840211393881
91cb6144-4937-4e4e-aeda-b4341d355c10,Claude 4.5 Sonnet (Non-reasoning),685.061592,4.715970331001859
90e078f2-051b-4c63-8919-76618971cb3f,Claude 4.5 Sonnet (Reasoning),1458.786333,0.6758319786075245
cd55210d-358e-4df1-ba9c-9acb5f186cc9,"Claude Fable 5 (Adaptive Reasoning, Max Effort, Opus 4.8 Fallback)",5630.52,0.6891937840564846
4077490a-bbfb-404e-979a-a97a20e3b5de,Claude Opus 4.5 (Non-reasoning),1152.7611000000002,5.473731078706925
2660d74f-ce79-48a8-8b53-6e668e2071a2,Claude Opus 4.5 (Reasoning),2734.3310549999997,0.6918486319900555
53c98840-47af-49aa-94e6-469fb17e9a1b,"Claude Opus 4.6 (Adaptive Reasoning, Max Effort)",4969.681425,0.337336127774293
4386585e-71b4-4a0c-8a63-afb333419cd6,"Claude Opus 4.6 (Non-reasoning, High Effort)",1451.04078,4.264395194680881
e9a09db3-8fd6-41dd-ba2f-20e0a2bff7f2,"Claude Opus 4.7 (Adaptive Reasoning, Max Effort)",3737.82,0.5349319117896382
2fa8e143-77a8-4d05-bfa8-d3b54634c00f,"Claude Opus 4.7 (Non-reasoning, High Effort)",1031.557925,4.48469304864747
992b7b84-5069-4c6a-9295-834252553d50,"Claude Opus 4.8 (Adaptive Reasoning, Max Effort)",3752.55,0.4770800084617949
df8d14e0-3997-4e4d-b4ad-9c047acc9c69,"Claude Sonnet 4.6 (Adaptive Reasoning, Max Effort)",3355.85,0.2399562955084712
2e40e695-3cec-43da-83f9-615af30b8e91,"Claude Sonnet 4.6 (Non-reasoning, High Effort)",1396.629696,3.2260122016862978
f2e21112-192e-4aed-ae82-68ca3b38e667,"Claude Sonnet 4.6 (Non-reasoning, Low Effort)",554.484411,5.892808439707303
23c86e4a-c769-43c0-a056-79e3cd15834f,"Claude Sonnet 5 (Adaptive Reasoning, Max Effort)",6015.18,0.1757180345721012
3bc32f13-5afa-4e28-bce1-10e57376686b,Command A,299.181555,3.5049287416692887
2e9ff877-fd2c-4ce7-b631-7ca1bdb6d13e,Command A+,,0.5594869071177001
0e34f05c-387e-4968-be15-ccec4a55d8c1,DeepSeek R1 (Jan '25),415.91,0.4275845192642795
a83f84b3-473a-4276-9ae1-8909da723159,DeepSeek R1 0528 (May '25),280.10590245000003,0.5508114612117084
43fc5506-c5ed-4dee-9b85-962bf7ae3986,DeepSeek V3 (Dec '24),21.66,4.311378579211915
75e1c197-f239-4361-a9d6-66dccfead236,DeepSeek V3 0324,137.79,3.383395649951793
fb65266f-5a7d-403c-85d5-ccdf0d1ca838,DeepSeek V3.1 (Non-reasoning),99.60698752500002,3.0442730040556216
198b717f-42c8-4ab7-a699-ae9373d669d3,DeepSeek V3.1 (Reasoning),484.0100676,0.4639448125888252
dfb9292d-bc7c-4425-a260-4256217e709f,DeepSeek V3.1 Terminus (Non-reasoning),40.89343934,3.526222009483931
0a7dda4d-cc9c-4a90-abc1-abb5772c901b,DeepSeek V3.1 Terminus (Reasoning),277.74117251999996,0.7988943819200867
6d9a176d-feb8-4dac-8872-afe32b31897f,DeepSeek V3.2 (Non-reasoning),197.1875952,2.1017251836811015
d621247c-d47e-458c-82cb-a166bc3b37e5,DeepSeek V3.2 (Reasoning),75.6823071,0.678886035075201
07c35e00-2b12-44c8-91cc-408629cd569e,DeepSeek V3.2 Exp (Non-reasoning),46.85302646000001,2.790804523226777
af134350-8ba3-4629-b56b-00bd6dcf60c4,DeepSeek V3.2 Exp (Reasoning),39.05466593,0.8294030400441911
ad173c8d-f14f-4230-90e9-60979b7720e7,DeepSeek V4 Flash (Non-reasoning),40.04883344,3.340700683246241
89a2c945-1fab-4ee4-9f45-83a9f46cb221,"DeepSeek V4 Flash (Reasoning, High Effort)",57.431757880000006,0.4659598967127876
d8ddb241-b3e4-4c25-a6a3-72eb1b30c541,"DeepSeek V4 Flash (Reasoning, Max Effort)",72.42,0.1723767442787274
6e2a2572-ed8d-4616-8d7d-68d125fc8ee7,DeepSeek V4 Pro (Non-reasoning),153.96789765,2.903692113160482
5da3c0e2-65d2-4bff-a410-cb2132ddafb6,"DeepSeek V4 Pro (Reasoning, High Effort)",172.554215295,0.4799889711165157
bf220674-68bd-43cc-a1b8-ce5ed4d2f18d,"DeepSeek V4 Pro (Reasoning, Max Effort)",176.34,0.2397047195539564
09f43999-b67b-4c1b-b050-44df41ed7e62,Devstral 2,,2.074643435271017
aba82268-2bb7-4a0f-80be-9b7722e2145b,Devstral Medium,67.39255600000001,5.476186017433033
9eae4ec4-61b8-48bc-9843-3edd506ae933,Devstral Small (Jul '25),23.1025884,3.441039819436193
cc1fa238-1a76-486d-a997-22309275eadd,Devstral Small (May '25),,3.527827137009004
ce819310-af7c-49d3-9a02-6845111e1788,Devstral Small 2,,1.8684026523958055
c3f12f61-9d57-4e2c-9106-5a82bb1cfee2,DiffusionGemma 26B A4B,,0.368215723182464
4d6dd5ce-08cb-4e87-9288-1dd2f022aa35,Doubao Seed Code,,0.8179760989793677
a518a64b-e337-48f3-85a1-ba7dc0e8f961,ERNIE 5.0 Thinking Preview,,0.7350485987092261
2f60d80d-c3d3-4a43-bded-0557898c4618,EXAONE 4.0 32B (Non-reasoning),,2.6934758713406386
44b19b51-5367-4ef9-a2ff-2f90b89a0867,EXAONE 4.0 32B (Reasoning),,0.2732672079988684
508943e4-e9e1-4d10-9c0e-a7650e9d7315,EXAONE 4.5 33B,,0.2025666249196597
8273650d-40e5-45ee-aeda-df71de784164,Exaone 4.0 1.2B (Non-reasoning),,4.1086178681555765
d734e2ce-5cf8-467f-8148-586d02671333,Exaone 4.0 1.2B (Reasoning),,0.2840546083777678
c76e0ae8-0fd2-45c0-a39d-d398fce9b128,Falcon-H1R-7B,,0.109893360868668
248deb0d-426c-4fa9-86fa-bc60aa9c3719,GLM 5V Turbo (Reasoning),,1.0136276191715885
1cf439b8-0cfd-47b2-9de2-9a2157e6762b,GLM-4.5 (Reasoning),408.4953032,0.4347414776884198
5d303dc9-c027-401f-9803-4e9aa3331007,GLM-4.5-Air,93.37700393,0.341071298036588
0081ab31-d10a-44a0-a10d-eee5533fec65,GLM-4.5V (Non-reasoning),203.48759219999997,1.83292554593916
3068def4-7270-4c06-a320-6f6a5623d564,GLM-4.5V (Reasoning),226.9949706,0.4923509343885306
946e7aab-db1c-4c3f-b0b3-7720d0cff187,GLM-4.6 (Non-reasoning),111.1159132,3.4689902950821794
6a5d56e1-bb68-4205-8d9b-26b97888bc84,GLM-4.6 (Reasoning),191.57034545,0.5660993734665146
43098bd0-77ca-408b-b698-9d60b1d1c3b8,GLM-4.6V (Non-reasoning),61.159427099999995,2.652755632770266
d2d7dd95-770f-4cb0-9bbc-d275ac19c265,GLM-4.6V (Reasoning),185.4748722,0.2599572861036068
81b6ddfc-111e-4422-bd44-42ee6165b699,GLM-4.7 (Non-reasoning),147.1413482,2.598262888082785
6fc35842-0165-44cf-8570-c484a92b3d8c,GLM-4.7 (Reasoning),478.0703998,0.2514008993288326
c8673741-5e1a-46a1-9e4f-710a5c920982,GLM-4.7-Flash (Non-reasoning),22.19086586,1.115032457207983
2c4394a2-b443-470a-908e-5c4a271b780c,GLM-4.7-Flash (Reasoning),40.01241694,0.4716290625956778
f164b41f-44c5-4675-bca3-fea1db4bd9ae,GLM-5 (Non-reasoning),239.9912732,3.2092820646316844
40663ad2-b218-471e-bdd4-a1e0c2360e2b,GLM-5 (Reasoning),547.0392278,0.4552575085048934
149096f3-57b7-4413-80c2-a2c010a2995a,GLM-5-Turbo,,0.4953685557138272
92f245a7-43b4-4ffd-8bfb-866746bf824d,GLM-5.1 (Non-reasoning),617.5646028,0.5781659477252441
5aa1c578-af76-4b91-8699-cdd43582b3af,GLM-5.1 (Reasoning),660.55,0.3289120724885775
f7a4ea75-e548-4069-80d4-9be8bc7c009b,GLM-5.2 (max),932.68,0.3630371342540878
3b608b70-6434-4baa-99ad-45d499703c67,GPT-4.1,277.806692,5.840499423099294
9f7c7566-a704-49a2-a383-cb3181da33a4,GPT-4.1 mini,53.7334464,4.975367602390353
72c358fd-7d45-4d68-89aa-699743710924,GPT-4.1 nano,40.48,1.100978659871451
8c1be908-67b6-4cf4-ba08-83ddbe44fde3,GPT-4o (Aug '24),221.0257575,6.398755456922904
c1045dc0-4fd3-4adb-9548-18763e0d051f,GPT-4o (Nov '24),196.974515,6.481708770696542
48e50f00-1fd1-4acc-b337-61078aa341e6,GPT-5 (high),912.56087125,0.5853719372343961
7f3c9423-3ee3-4369-a6d9-3f2a40aff00e,GPT-5 (low),227.7876425,2.6156038818474503
5e965af0-ca5c-4f47-9ba9-06000508b84a,GPT-5 (medium),551.724095,0.9990687173183038
c3738fb0-3408-4430-a699-760ae4b70c93,GPT-5 (minimal),151.72274125,5.969517313333038
5d11e7a1-4f70-4e5a-9364-e193761d6757,GPT-5 Codex (high),994.76608625,0.6192872794278058
29855680-7469-43eb-8b88-cd3fb1d99da3,GPT-5 mini (high),168.457701,0.5973476408615832
c3274a19-6d3c-4d01-ab9b-5055a0a40429,GPT-5 mini (medium),61.9119005,1.8915790196721896
bc26bfdb-4923-4442-a6ca-e77392923581,GPT-5 mini (minimal),25.16373625,7.252618878788948
e18e5e6a-5a31-4c0b-b80b-ac401392f446,GPT-5 nano (high),51.705823050000006,0.2437404147489304
8eb02396-f231-4189-ae15-05f7facebd9b,GPT-5 nano (medium),25.8504293,0.5723055088874104
05e45a36-b5c6-47a1-8adb-9ddc19add5b3,GPT-5 nano (minimal),24.8812947,1.5312016410632576
d0b3d47e-aec6-425e-9de7-168dcc6d1e28,GPT-5.1 (Non-reasoning),94.73182625,7.069225418848151
4dc12a38-b18f-4c43-8e1b-678f8434b5b1,GPT-5.1 (high),778.97169875,0.6945986421132402
04d023f3-025c-4d78-9571-53edda3eaf2a,GPT-5.1 Codex (high),891.9696675,0.7598580447639371
fd4454ff-e703-46c0-a7f5-fa69af09486d,GPT-5.1 Codex mini (high),201.59733875,0.5169312272800151
6dd8ba55-5680-44a9-b309-82928165d5f0,GPT-5.2 (Non-reasoning),225.43901275,8.80701252204189
84e3f11e-d659-4941-8988-1dbfabbaf538,GPT-5.2 (medium),699.64770575,2.173031592161295
498862c3-f9ac-49d2-852f-16a02bb0c38f,GPT-5.2 (xhigh),2304.2196695,0.3955908190653967
019e86f6-e66b-42d8-8a50-235a06b53003,GPT-5.2 Codex (xhigh),3244.326456,0.2431551377503892
59b5b14b-5365-4ee7-824a-18a8e6309644,GPT-5.3 Codex (xhigh),1571.55544525,0.6911059358647091
493f6a1e-7717-4e98-9d6f-548b92c4702d,GPT-5.4 (Non-reasoning),285.3283755,9.0321588292561
538e945c-6c27-4fd3-995d-ded80a36cd10,GPT-5.4 (low),434.0365365,4.855833428636359
a89c4b28-2d8c-456e-88ea-255fb51fd2b6,GPT-5.4 (xhigh),2131.77,0.4697308295647608
ae447455-940d-4d30-9139-a664fa896eaf,GPT-5.4 mini (Non-Reasoning),56.358198,9.5085618506431
392063ba-c3b5-47e8-ba67-a7b0b34f6824,GPT-5.4 mini (medium),302.29139024999995,1.0686385509366831
ba242e40-83b7-4cd3-a0e0-b56237984914,GPT-5.4 mini (xhigh),1127.44,0.1847103308443681
c298d1a8-606c-4971-8613-ccdaaf941043,GPT-5.4 nano (Non-Reasoning),23.55092945,6.56142064357378
8869f28a-a6ff-487f-8d32-93fe335fdda5,GPT-5.4 nano (medium),90.5669553,1.4359258880294823
d4fc3f33-f2b0-4da1-88ee-f1f82bd4de31,GPT-5.4 nano (xhigh),291.67,0.2101269041253478
6f1a7562-6e96-46ac-af4f-6ba5a7a3da96,GPT-5.5 (Non-reasoning),216.72,16.052401358250695
b13c1257-d746-4027-8fc8-4892dc14701c,GPT-5.5 (high),1745.57,1.240438296018485
c77cfe51-f4a0-4692-9dee-5061ef667f23,GPT-5.5 (low),382.08,6.394637438777832
6b79f899-e3c0-45f6-923c-243faccdb2fc,GPT-5.5 (medium),951.24,2.3666690407632007
1f054429-397e-4fdb-9e71-67bc92c1735e,GPT-5.5 (xhigh),2818.79,0.7584547958384195
c4169d75-9d24-4794-a9c3-69e1fe364de5,GPT-5.5 Instant (June 2026),,6.82974889230865
e34ffffb-d8e1-4f5c-a2c7-3ca19c235eeb,GPT-5.5 Instant (May 2026),368.291195,17.7915424838925
bcca0e70-7e80-4c07-b1fa-b33bcfb19e51,Gemini 2.0 Flash (Feb '25),18.85624695,3.689715528416736
6afbfb62-27e4-435e-9c85-d9fe1b92519e,Gemini 2.5 Flash (Non-reasoning),84.27270970000001,1.1763763647495245
219ed587-60c5-4a48-9517-8480e08d0ca1,Gemini 2.5 Flash (Reasoning),171.94757470000002,0.5171768296908306
877fdfc9-2026-477a-af96-e4fd602c0131,Gemini 2.5 Flash Preview (Sep '25) (Non-reasoning),,1.0992691338546807
c7667559-d9b6-43f1-8cd8-8bdbc78d190b,Gemini 2.5 Flash Preview (Sep '25) (Reasoning),,0.726395563659749
1d81aa1c-64c8-442a-9c41-81b37e407b91,Gemini 2.5 Flash-Lite (Non-reasoning),29.8749326,0.3554709127366021
f4e8194a-d0e6-48eb-92be-4307de5aeeec,Gemini 2.5 Flash-Lite (Reasoning),77.85593440000001,0.1633151890384498
71f51ea9-94fe-4635-a80d-4cfffbb685f4,Gemini 2.5 Flash-Lite Preview (Sep '25) (Non-reasoning),33.3883506,0.6974094642313112
84922739-425f-46e1-87ac-bb4268dcacbb,Gemini 2.5 Flash-Lite Preview (Sep '25) (Reasoning),38.2122352,0.4861542834131349
27202e5f-c82d-4710-92e9-4317877d4883,Gemini 2.5 Pro,609.67,0.4908698724648461
783a0ea2-1eef-422a-8c3d-f6d40d943f54,Gemini 3 Flash Preview (Non-reasoning),65.979814,8.558002812829315
7c73c3be-7f51-4d14-bec8-d5789488df25,Gemini 3 Flash Preview (Reasoning),278.26045500000004,0.6446740625588635
d1122eff-ee85-4fdc-8a9f-23bee6590667,Gemini 3 Pro Preview (high),819.837266,0.8680417877151883
b2f3191f-77d6-4155-8be6-330f0baa1ae5,Gemini 3 Pro Preview (low),354.970548,2.5209321703369914
598190f8-dc9c-4fea-a7ea-4b81c402ab18,Gemini 3.1 Flash-Lite,93.72,0.4524930538299841
bbd93ebe-80da-4594-bb19-61e69d0331df,Gemini 3.1 Pro Preview,815.11,0.8302817763555533
0097ebf5-124f-42f6-9463-33b00e711f03,Gemini 3.5 Flash (high),1040.88,0.6659753899943801
5016ea75-7b0e-4737-a7e6-1062c6d90fd4,Gemini 3.5 Flash (medium),1417.4857155,0.965983230295184
033ade17-d9ec-44e0-b792-b5f1fcd5ab4c,Gemini 3.5 Flash (minimal),749.723088,3.752068439279636
2e6400f5-85ca-4ebc-ba8f-c2811a631138,Gemma 3 12B Instruct,20.16357532,1.6439661454483023
2bfdd17a-e027-4068-a54e-b0e90a6df118,Gemma 3 27B Instruct,82.61,0.9047833287471984
222fb320-6e55-4672-846a-b6d5a24a45f4,Gemma 3 4B Instruct,6.51804948,1.6434490707879938
a797eaf3-6d75-4f29-86a8-e1243ce52d43,Gemma 3n E4B Instruct,5.721499560000001,0.6077705486319632
025ec6b6-df4a-449f-9a03-24e4388d6863,Gemma 4 12B (Non-reasoning),,0.8760217224866162
feb02d3b-ff8d-4ed4-b165-13f8d4a7192c,Gemma 4 12B (Reasoning),48.9194829,0.4306143808370398
70882ec6-914c-41f0-9754-5e8f75005f77,Gemma 4 26B A4B (Non-reasoning),27.25038727,1.9518505280969376
6e1b44ff-c227-496b-aef4-19b70cd18c76,Gemma 4 26B A4B (Reasoning),54.47,0.345639932847696
d0aa27aa-4705-4184-9a1d-483b78c9331c,Gemma 4 31B (Non-reasoning),19.43316902,4.525680833472911
cd26a386-4873-46ff-b853-d239050025a2,Gemma 4 31B (Reasoning),,0.7818730368330999
755d7281-2ed8-48c7-808f-709ec4cbfb71,Gemma 4 E2B (Non-reasoning),,1.453380446823351
b07aef0a-b192-46a1-b1c9-40b06d1b9061,Gemma 4 E2B (Reasoning),,0.7609247481221317
5303601c-8133-4f52-bc4e-5241ee6b3c10,Gemma 4 E4B (Non-reasoning),,1.879341642557443
d80eb0f1-f62e-4d31-99d2-7a925eb126b0,Gemma 4 E4B (Reasoning),,0.8424806517341376
2cff73da-4855-403c-afc9-5540feadcc15,Granite 3.3 8B (Non-reasoning),13.36325524,0.8474470767236166
a2c8e7b2-57bf-4d1e-96ea-7944d786d94d,Granite 4.0 1B,,1.895911960755647
54c7f3fc-7078-442a-b472-e8691257a88c,Granite 4.0 350M,,0.8170759716651594
dafbb6d2-4825-43d1-a927-feedcfd2e998,Granite 4.0 H 1B,,2.80044477521138
a68afa0b-7fe2-4e9d-bf3e-741cce3c6aeb,Granite 4.0 H 350M,,3.094875623308999
5dba8d07-9992-483c-81db-dac97cb15ba8,Granite 4.0 H Small,4.48094976,4.61652507848772
1fc32894-1060-493b-af94-62bb1068555e,Granite 4.0 Micro,,1.161280327474827
d4be6393-8915-436c-a3a8-4e59bd5c89a9,Granite 4.1 30B,,1.8204433628261327
91e3b45f-3f52-4511-8c15-8948854bebc5,Granite 4.1 3B,,3.1781489096499063
82ed9bd2-c97b-4c35-9312-94bb72001e36,Granite 4.1 8B,7.480217350000001,3.129758174515145
2443ac9e-a3db-423d-accb-8963f6fb0a53,Grok 3,415.607208,4.7724769904395385
ff9bc5e5-a02f-4270-983e-4b3f834f3363,Grok 3 mini Reasoning (high),104.8919487,0.3212622848161083
5ea94a4a-55ac-4ea1-8898-2b3971e94af6,Grok 4,2881.151911,0.4695526882233234
2dbb6dc7-8c40-4b6d-af9c-cf805f83b79a,Grok 4 Fast (Non-reasoning),17.448047600000002,5.346553428571099
573bbd93-114c-4b71-9ede-a73a7d4bdf84,Grok 4 Fast (Reasoning),35.9855153,0.807478662969475
49fd01f9-887d-4479-b8ce-771a81ecef4e,Grok 4.1 Fast (Non-reasoning),,5.31156066144051
23149f9b-c904-43e2-9ec4-afa2bf843941,Grok 4.1 Fast (Reasoning),,0.7340600080703737
523125f4-a1da-4990-9abd-dd08a069100e,Grok 4.20 0309 (Non-reasoning),382.344676,0.9778732392616476
04787c2b-0751-4269-8029-075b727d7aed,Grok 4.20 0309 (Reasoning),484.421726,0.8918994274165272
64312f37-3701-4243-a4c9-7c07a58cd6b9,Grok 4.20 0309 v2 (Non-reasoning),425.944948,0.8044912299378361
c72cb85a-18a4-4235-b455-77dff2f16c50,Grok 4.20 0309 v2 (Reasoning),514.159296,0.8094853104152226
90c2a9cf-ad7e-4332-9be2-2fd1309833e2,Grok 4.3 (Non-reasoning),258.84,2.7570434522730816
948892b5-db03-4118-a4a8-ccd51ed871ea,Grok 4.3 (high),299.97,0.451449956070768
fe2c2289-d261-4433-8681-46448372c1f6,Grok 4.3 (low),98.67587875,3.5811496596059733
5e8b0d98-a3b4-42b5-93d8-ecb748788754,Grok 4.3 (medium),161.480425,1.7276020957839555
0b7efa66-2115-49e0-a1b7-a2ba225fe9f6,Grok Build 0.1 0616,375.01,0.2963126471805137
a06bd3fc-86db-4a8e-ae6d-7459444d08c9,Grok Code Fast 1,,0.4526098170161287
b58b8272-cd3f-44b9-9b68-612f40779ce2,Hy3-preview (Non-reasoning),36.068908602,2.442568223999343
8ca48626-ff5e-48b3-8401-38081376d706,Hy3-preview (Reasoning),84.430313129,0.3386364067333934
340fb211-4fad-41d3-87d5-ed0d0cd34088,HyperNova 60B 2605,34.66513646000001,0.2063035538223496
369329e4-629f-425d-975a-e8980aec2965,INTELLECT-3,,0.3014134344774282
0121d27b-5b8a-4901-8684-80589cc6d40d,JT-35B-Flash,,2.089109448842219
3d4e7366-928c-4eff-a8b0-2919c7d334c9,JT-MINI,,1.4447724881447483
78452c64-7303-4192-bca5-2d9ec5c623d4,Jamba 1.7 Large,965.334858,1.346079700271597
b4f14013-37dd-4c75-bd8a-378365d9ed77,Jamba 1.7 Mini,,1.5121967344680018
f78138d6-2e04-4a84-919a-20d177cb6ff1,Jamba Reasoning 3B,,0.3006554135516845
9cc377dc-67ae-4042-bafc-0466b5f05089,K-EXAONE (Non-reasoning),,1.2177997017047206
715e05fb-1313-441c-bf1d-8651c752a841,K-EXAONE (Reasoning),,0.2934251807866559
5a49ef80-3af5-404b-8ac0-e1b230ae95de,K2 Think V2,,0.1634057329287771
a38d719a-709c-4983-b3e7-7090389ae9a6,K2-V2 (high),,0.1941712533349511
dae31abc-0587-44d0-ba53-f78e96b6e486,K2-V2 (low),,1.7143399166427924
dd738be7-2b69-4775-91a5-8851d3341c2d,K2-V2 (medium),,1.1784332303207956
441734a9-8901-4850-9bae-b474c370291f,Kimi K2,180.802504215,2.2884997578715174
66445f84-b2e3-4202-afdc-92ba0f0e5f36,Kimi K2 0905,126.5650654,3.913466260393314
bddebfd3-0a8d-47f5-b722-bc4c2ca5a5dc,Kimi K2 Thinking,308.1504595,0.4088883533693311
ba04694d-326a-4a6a-8f1b-46316f872a7f,Kimi K2.5 (Non-reasoning),141.11665019999998,2.9139542540706076
a550ffca-f89e-4381-ade6-a85dc6a1fb4c,Kimi K2.5 (Reasoning),367.1649726799999,0.5281279295558827
0de67206-4d36-4d10-b8f6-cf37fa747a03,Kimi K2.6,831.34,0.2620732300729366
0fc6308e-fbd2-42d3-a216-06da3c43e34e,Kimi K2.6 (Non-reasoning),504.6224139,1.5814300637388643
8d0cb231-7303-452c-9923-a9620b948475,Kimi K2.7 Code,524.56,0.4045367712951063
0faadeeb-320c-45cf-9c76-5f8768f342e6,LFM2 1.2B,,0.3406879987822658
739e531a-eb0a-478f-bb67-5845b79ce65d,LFM2 2.6B,,1.0312548674879234
fbc58677-e324-4b45-a979-7fd8eec555cd,LFM2 24B A2B,8.78229597,0.9367068996043064
686ab020-ee58-4a70-a9ac-24d675a73506,LFM2 8B A1B,,0.904035140155778
48194e0f-8226-4c57-8cb2-2a0fb68a84c9,LFM2.5-1.2B-Instruct,,1.7646457945652898
5a088cde-18e2-4dfa-98dd-d283e1c19654,LFM2.5-1.2B-Thinking,,0.2598150514201569
e2b664ca-7992-4de6-8839-4867f035c892,LFM2.5-8B-A1B,,0.3908294858249082
3c5289e5-1c62-434c-bc44-c51c39f640a1,LFM2.5-VL-1.6B,,0.7548638176038063
91f3a4c8-b000-4513-942c-bfe283375c35,Ling 2.6 Flash,22.9000042,1.780629030516253
15b56b8e-7b93-4ed9-ac06-75c922e3b86e,Ling-1T,,1.5310723731388636
2e46d2fd-eb2b-42b9-9fe4-be50630fe870,Ling-2.6-1T,95.0488174,2.136356028307535
882a5da3-94ca-4602-8693-c45970df17e2,Ling-flash-2.0,16.7335587,1.0165834445829658
3d64bf83-232e-427e-8590-26b478bae4a8,Ling-mini-2.0,,0.3888617220464057
45c87531-2d57-48e0-8012-202cd636189e,Llama 3.1 Instruct 405B,838.0485570000001,4.464265282676325
466aecdb-3d96-4191-bc52-b3366db38851,Llama 3.1 Instruct 70B,138.26876168,2.668439798167871
739684ba-0f63-4e2a-b4ee-30741c9e9320,Llama 3.1 Instruct 8B,27.707839700000005,2.26818130419875
7393c56a-ec31-48e9-b804-c04f2d2cb641,Llama 3.1 Nemotron Instruct 70B,73.535496,3.5063948482906624
cf095603-72b6-47f8-8ee1-09a42890f92a,Llama 3.1 Nemotron Ultra 253B v1 (Reasoning),486.8198586,0.3170561797763156
976cc8ad-7904-4056-83c5-960181f47d5f,Llama 3.3 Instruct 70B,85.54432522999998,3.7779094555610833
922c69c7-9037-43c6-8bcf-a1c555e7f3eb,Llama 4 Maverick,38.32,3.0032955174215923
adf9a85e-abc3-4f28-937b-db6655cc5238,Llama 4 Scout,11.39,2.4384642557629643
26c0b5df-efa7-470f-a65e-2d883329e493,Llama Nemotron Super 49B v1.5 (Non-reasoning),20.6852992,2.2384379943372172
e1cfa926-9e2b-4a0d-8c31-48366a5041c5,Llama Nemotron Super 49B v1.5 (Reasoning),37.178149000000005,0.3522996751827571
6056731b-c705-455b-aa0d-43cbf29b1054,LongCat Flash Lite,,1.591801347289031
660965b2-66d2-49ee-a6b9-79a6ac47d3c0,Magistral Medium 1,,0.3750892994682556
864da2a5-156c-45fd-873c-8923be91914f,Magistral Medium 1.2,886.35,0.4076163851223493
70152cb0-fb36-4732-a925-89ef40994be1,Magistral Small 1.2,273.82,0.3557934291956581
016d330a-2141-4afa-b2fc-62b314423dc1,Mercury 2,80.68276725000001,0.4717217703916097
df4c5a29-4b5c-4fef-9f7f-5e24e118ab65,Mi:dm K 2.5 Pro,,0.378410359359424
1479f50b-d37f-4b55-bb8b-4212a15042eb,MiMo-V2-Flash (Feb 2026),66.54481050000001,0.4524351082878147
82b36b4d-84dd-4bc0-ad32-e3aee9442789,MiMo-V2-Flash (Non-reasoning),409.66,0.6481447447508033
be185709-ddb4-4268-9597-856464359b25,MiMo-V2-Flash (Reasoning),47.486,0.4001430797659837
94d09368-9035-47cf-963a-b4310b433a16,MiMo-V2-Omni,,0.496592416633747
296ace9b-0815-43b2-bafa-fd6cec5cce36,MiMo-V2-Omni-0327,218.1398476,0.5193949585818576
5d8183dc-24f4-46c5-a1d0-d937de149364,MiMo-V2-Pro,350.865457,0.6380614781734899
22d09131-343b-4adf-8760-533e20a2155f,MiMo-V2.5,49.29693986000001,0.6589331783935457
00f1248e-78e3-4230-8dc8-5e13ba8645e2,MiMo-V2.5-Pro,98.47,0.4409619700028989
4764d31d-f4af-4297-8bd1-e993f26bcb64,MiMo-V2.5-Pro (Non-reasoning),633.1123719,1.253538384619565
433e410e-5170-4f03-b92f-7927c220b2fe,MiniCPM-V 4.6 1.3B,,0.3180116601710414
d306cccd-0085-4b2f-8aa0-ffcdbb434695,MiniCPM5-1B (Non-reasoning),,1.4196551998266544
77f5ff8b-1536-474a-a337-e1bfd138d343,MiniCPM5-1B (Reasoning),,0.3353039346790642
9ca246a7-cf13-42c9-9182-5b5ad6b79026,MiniMax M1 80k,114.9730153,1.0042347294908969
f74ea286-cd29-4eb4-af14-1389b19c21e5,MiniMax-M2,115.7639499,0.534615560706881
272ff333-442f-4169-a804-ac9177bc99d7,MiniMax-M2.1,114.4574499,0.6750042805406865
12adec16-19fe-4d92-aeff-5ef3eb7e780a,MiniMax-M2.5,124.5803496,0.7453778993995526
4bbceacb-cf47-464b-b60f-e1d1fe016d67,MiniMax-M2.7,143.73,0.4511695588539492
277f939a-985b-4b37-859d-b3eabc7c0b26,MiniMax-M3,203.86,0.5005264989778686
713fae11-c75c-4f10-ae2c-8e4074cd58af,Ministral 3 14B,119.57,0.7383519559301738
66f4ce73-9a9b-4b49-9c6e-bedb9bfdc720,Ministral 3 3B,91.78,0.2486414750434173
9741f3c2-cbb1-4a3f-99ee-7bd7384d9038,Ministral 3 8B,113.48,0.4768799238619436
50f92d5f-f413-4c97-8dab-331101622a28,Mistral Large 2 (Nov '24),124.14925,5.753295018641248
4928e950-7f37-4475-b0dc-c5bad781a321,Mistral Large 3,71.04,2.83549187287721
59e22326-1bca-4432-a5fa-147fbe8854e7,Mistral Medium 3,40.2362304,4.7471887881177794
05a32e26-e609-4377-951b-8fa23d329926,Mistral Medium 3.1,131.59,1.6981637231361415
dd059b25-d82a-4ead-82a4-4adceaaec48b,Mistral Medium 3.5,1483.4,0.3284626612906589
24ac5b00-5f03-4c47-8e37-522d1195383e,Mistral Small 3.1,30.99,2.973814513330163
43da3718-3d6e-40dd-901a-05664179ff7f,Mistral Small 3.2,111.47,1.257819780524176
12f6a061-0ab3-4c76-b225-49abee253651,Mistral Small 4 (Non-reasoning),16.36554375,4.779165384809756
3fd96175-4ef1-434c-8795-f873aec2abc1,Mistral Small 4 (Reasoning),47.88473685,0.5260976295221058
666eb13f-0d22-4438-8eb0-01876e1a8604,Motif-2-12.7B-Reasoning,,0.1524296325372817
ebf3b39f-0be6-43a1-a37a-f9b2978c9916,Muse Spark,,0.7579721168709544
23b379f7-18df-492a-9fc1-a56c5a5b9cfc,NVIDIA Nemotron 3 Nano 30B A3B (Non-reasoning),13.73289455,1.034831638935633
76dcf6ef-39ea-4be0-b693-b88da25b4caf,NVIDIA Nemotron 3 Nano 30B A3B (Reasoning),42.81,0.1151030481969188
9ee13921-62a4-425a-a22b-df3302198d93,NVIDIA Nemotron 3 Nano 4B,,0.67434172355231
63872e9c-3377-4a6b-b477-7bba244c38e9,NVIDIA Nemotron 3 Super 120B A12B (Reasoning),294.56,0.2379138765385067
ab7f016c-a29b-4710-bdf6-6a5cd96aacca,NVIDIA Nemotron Nano 12B v2 VL (Non-reasoning),78.5458364,1.299566890503281
6e6e02fd-9cbd-417f-9bfc-673df89c313d,NVIDIA Nemotron Nano 12B v2 VL (Reasoning),123.08223,0.2172906244149564
2e8694f9-7782-47a6-a6ba-fdce89d939c8,NVIDIA Nemotron Nano 9B V2 (Non-reasoning),15.156911280000005,0.5737111035107684
f1d52583-9d20-4099-99ac-b5df9430c3b6,NVIDIA Nemotron Nano 9B V2 (Reasoning),10.52642336,0.4470294043967197
7d73161f-002f-4c9c-b4f8-6c4d91f2ba8e,Nanbeige4.1-3B,,0.1099737455253322
8c748e53-61ae-48b8-af8d-eb8298b1e9db,Nemotron 3 Nano Omni 30B A3B Reasoning,39.3667824,0.2728010321854185
5b52def2-ac9b-4465-ad80-91ea8079e253,Nemotron 3 Ultra 550B A55B (Reasoning),443.07,0.3501822260504053
9815da7d-70f4-44d6-b539-9ffef0faa152,Nemotron Cascade 2 30B A3B,,0.4294923559844859
3b5ba264-ad25-429b-a460-4d8698205f0d,Nex-N2-Pro,,0.4294463282861944
1e9907e0-ffac-4595-b006-962e4f1da7cf,North Mini Code,,0.3657205066914789
76bce7fb-3a3f-4b66-a78d-35ccf3edf5d2,Nova 2.0 Lite (Non-reasoning),411.0077043,0.2726680819954654
61bd9367-e520-4ec8-989e-5fbf50e61610,Nova 2.0 Lite (high),634.82,0.0812393232025943
6fd796d3-f346-4f66-97df-5da81714fc73,Nova 2.0 Lite (low),72.957347,1.2576287579923733
fbdf8da1-b341-448c-b3cb-8aff1d8f70b9,Nova 2.0 Lite (medium),182.8802508,0.4797940521593445
1f6478c9-3e22-4586-adbe-841782859677,Nova 2.0 Omni (Non-reasoning),598.3533426,0.196438269679927
b36ff8f3-0323-49d1-a063-ab09704fdb0c,Nova 2.0 Omni (low),75.6264913,1.319648439091488
018c60e8-e908-431a-ba57-c840b1df3987,Nova 2.0 Omni (medium),109.4470815,0.7678399122714531
a20ae33a-46e1-41e6-81a0-fe8b00d2e538,Nova 2.0 Pro Preview (Non-reasoning),206.4,2.692566450205369
f4274721-ef28-4121-aa88-8e97267a5a82,Nova 2.0 Pro Preview (low),243.65,1.5872507135397604
0d94dc87-12c8-4d4a-8d99-804ce3f17bc2,Nova 2.0 Pro Preview (medium),406.78,0.6172927297309952
5c3dd927-48a3-4f3c-8045-9b135f62dfbb,Nova Lite,21.164724179999997,1.802169186279175
344c6718-c573-41d4-9556-10287a3fa1fc,Nova Micro,6.384766955,1.4419585794246834
e58bbffd-fdc2-412a-b6d7-ca0e3f5d611a,Nova Premier,375.97911,4.475695960615873
546ec53f-273c-4af7-b13f-b88c41f45905,Nova Pro,200.984304,3.043572643221384
9f873c2f-2c2d-4ccb-9e1b-71bf61b052be,Phi-4 Mini Instruct,,0.2750560088656321
0e5f6140-1154-4583-a3e0-8c032a338892,Qwen3 0.6B (Non-reasoning),21.34266668,1.9716255627363324
4ae6c88d-9e4a-4850-89fe-18a1c04a66cc,Qwen3 0.6B (Reasoning),30.4182244,0.3317660997598241
2bb84433-f38e-4edc-9b65-4d7b1f473db9,Qwen3 1.7B (Non-reasoning),15.77048986,1.531446005972203
5962d643-0a6f-4630-bb08-ab5720d80056,Qwen3 1.7B (Reasoning),52.53470518,0.2165928578798557
ecc6524a-d521-458a-8327-5009e8ce6549,Qwen3 14B (Non-reasoning),18.79108813,2.685379712335566
4559e9f0-8aad-4681-89fb-68cb915e0f16,Qwen3 14B (Reasoning),71.21728631500001,0.6238043161490338
43573c57-2403-46fb-af4b-a93de9a0c3f5,Qwen3 235B A22B (Non-reasoning),103.67145945,4.137972592671954
bbe6d782-e630-48d5-b11c-3ce37f373f1e,Qwen3 235B A22B (Reasoning),396.0858181,0.6517702728507365
f6ccbe1d-bd7e-484b-9795-18cc9f91552d,Qwen3 235B A22B 2507 (Reasoning),157.6165471,0.4665369303766903
3373245b-e6dc-4b66-a7b0-3f06f9b7bd46,Qwen3 235B A22B 2507 Instruct,71.807963175,1.6906344521884726
f3169f25-8c6f-48e4-ae87-0cf872dc0ec1,Qwen3 30B A3B (Non-reasoning),10.77768229,4.105621782444428
3e6cf518-a1f4-42d3-8fcf-827c9bd8e6d5,Qwen3 30B A3B (Reasoning),23.57657937,0.475215711183054
5e0164b3-d902-4bcb-a1b2-83b4f4cd6143,Qwen3 30B A3B 2507 (Reasoning),117.53329028,0.424173155762207
7ec1065a-c90e-41e4-bd17-abb7042eed76,Qwen3 30B A3B 2507 Instruct,53.63503955000001,1.0186926133399647
b00ecd62-a53f-4aed-b833-3e9d6b0170ba,Qwen3 32B (Reasoning),35.07512203,0.5530640800891837
2aacdc07-5f4e-4ab9-8ea5-5f7ab93f9eeb,Qwen3 4B 2507 (Reasoning),,0.3438095520600301
b0249961-b8b2-479d-8325-a29ea17c7b89,Qwen3 4B 2507 Instruct,,0.5894476612464786
b2dd592a-fbc5-458a-b26d-f3964cbab82f,Qwen3 8B (Non-reasoning),34.73398496,0.9048057775826858
9dba61f5-78ee-4190-8d1d-8e7063ffd386,Qwen3 8B (Reasoning),52.45902507,0.341956452858515
da9fe224-8af3-46d7-a8c4-6220779c3f35,Qwen3 Coder 30B A3B Instruct,29.29074836366,1.513382431528412
093883ed-f5fc-443b-8e18-afbfb166699e,Qwen3 Coder 480B A35B Instruct,158.5285791,2.7489052702411096
fc92f822-04b7-420d-9c07-a21af5e9aac7,Qwen3 Coder Next,124.5387964,1.0855513832022596
7ae943a9-9310-4472-a834-c61f0ab68485,Qwen3 Max,257.846688825,2.477727104039208
5b2beb12-81a9-47a1-8a2a-d0a727185b50,Qwen3 Max (Preview),249.5125248,3.319899116598387
806032ff-6252-4c22-ba99-a126e411b7a4,Qwen3 Max Thinking,668.5366992,0.465156154521055
cbac8c35-e069-4c73-823e-0953e6ed0e85,Qwen3 Max Thinking (Preview),293.3531112,1.0665280029206463
c8a79180-7d16-4474-8701-9a77c0baa56a,Qwen3 Next 80B A3B (Reasoning),357.3420075,0.5206085713596261
2698f6c6-e436-47ce-a583-dbc25596c571,Qwen3 Next 80B A3B Instruct,132.972724,1.3843997016603689
b97ef678-2d31-4375-9416-67ea97f87204,Qwen3 Omni 30B A3B (Reasoning),132.30581902,0.2092778183066721
0b226b82-1462-4860-bf1a-f8aed7024791,Qwen3 Omni 30B A3B Instruct,85.06730941000001,0.2925578269457417
a803d3d0-d22e-49a0-ac2c-b9c6f1141065,Qwen3 VL 235B A22B (Reasoning),346.43155026,0.6460478709210716
d58cf573-1bd3-4d1f-9182-5482a460f570,Qwen3 VL 235B A22B Instruct,120.7410519,1.9324500916243867
ce3d286e-093d-413d-a81a-0270309f039e,Qwen3 VL 30B A3B (Reasoning),86.2319191,0.4605347777928223
51d0b717-953d-4b44-af61-406c6b7dff39,Qwen3 VL 30B A3B Instruct,116.6141152,0.7751239687034704
d370fcbf-c4a1-41a2-abc4-d204fcc3fcbf,Qwen3 VL 32B (Reasoning),971.5924155,0.2478438522822893
6da314d3-a984-4734-8f31-47dd32fb4699,Qwen3 VL 32B Instruct,275.3600717,1.1644887322360535
f93d0750-b659-4ceb-a123-7e657904ef2b,Qwen3 VL 4B (Reasoning),,0.2207265258416202
f5d83128-047f-496d-ba49-8a428abe8345,Qwen3 VL 4B Instruct,,0.2553599048269864
dec8073c-57e2-41c0-b1aa-7a62960f103f,Qwen3 VL 8B (Reasoning),148.4810442,0.359356897424018
3cf875b8-b6b5-42c0-ad70-617d5be59d00,Qwen3 VL 8B Instruct,72.73489158,0.5446580012477475
405e2235-0925-4634-a3c7-fbd5f6394bc0,Qwen3.5 0.8B (Non-reasoning),6.67358978,0.0977166805962322
a6ea7ec0-0aca-4442-98fb-4296c6d18b31,Qwen3.5 0.8B (Reasoning),14.65616937,0.0451845598423133
021b1b31-d2fc-4653-ab74-c10bd2f41c8e,Qwen3.5 122B A10B (Non-reasoning),166.3749992,1.2222679835386536
2236df45-0699-40d1-b5cc-69ee345d2257,Qwen3.5 122B A10B (Reasoning),447.07,0.3373097183089253
509e94e3-f1cb-43fb-98ff-e0e9872cfd1f,Qwen3.5 27B (Non-reasoning),128.3653058,1.481544718565213
169e47f5-3d4d-4ad4-8f8b-ab46f0c73f67,Qwen3.5 27B (Reasoning),299.2610907,0.4298833059934435
0985ada8-2ed8-404d-bd8b-7357666ce40f,Qwen3.5 2B (Non-reasoning),13.34933808,0.1464306313672845
5d4acc80-7a88-4e84-bfe7-99071b84e6a4,Qwen3.5 2B (Reasoning),45.61030832,0.0418262653499664
eebfef01-709e-4ffe-b72f-0db75ef2434b,Qwen3.5 35B A3B (Non-reasoning),125.607107,0.8389741728274857
46d8315e-1630-463f-ab62-84185fa0faab,Qwen3.5 35B A3B (Reasoning),301.69722,0.3694533239808397
30ef2a79-e800-4165-9f13-2a338f120db7,Qwen3.5 397B A17B (Non-reasoning),186.3738378,2.0013990042061436
0e66bae9-41f1-42fc-9276-ce8cb6f72919,Qwen3.5 397B A17B (Reasoning),528.06,0.3822084091862089
30c9ba61-d0a1-4794-938e-35865f379d15,Qwen3.5 4B (Non-reasoning),26.21777523,0.3008080604514702
651ef7ae-9a8f-477e-9c8e-460aa156ba02,Qwen3.5 4B (Reasoning),44.87134005,0.1143888206413911
20da3b31-fc0a-4359-abec-d59367bf1d9f,Qwen3.5 9B (Non-reasoning),,0.3484113547341846
2d28a13a-096e-475a-beb8-26bbd1c7d51c,Qwen3.5 9B (Reasoning),171.97,0.1042626330850056
6f3534b1-1168-472e-b3e3-23ab521504f5,Qwen3.5 Omni Flash,38.8015555,1.330857031275782
0179b427-93dc-415c-bb4c-f980ddf8d088,Qwen3.5 Omni Plus,149.7273984,2.4726903119437194
3b156101-b0d7-4438-b350-2d1f1168f40a,Qwen3.6 27B (Non-reasoning),234.35163659999995,1.6655423463954702
8c29d66d-bf98-4ea3-8572-5409353ecc66,Qwen3.6 27B (Reasoning),668.08,0.2590748340229203
66938aab-78fa-49d7-8461-b48b6833e837,Qwen3.6 35B A3B (Non-reasoning),189.458331,1.2965884102212824
8665ca00-c687-44c7-875c-22618cb31c4f,Qwen3.6 35B A3B (Reasoning),333.53,0.2135882984039832
6000692c-f9a6-47f8-a5c0-e0874ac488bb,Qwen3.6 Max Preview,860.5645893,0.7016092442437909
f371ad68-6947-4767-a78f-1f6c81f96b93,Qwen3.6 Plus,525.58,0.3906200259307146
69534bed-2ffd-4235-832b-e20a810333ab,Qwen3.7 Max,1631.35,0.4469755117555172
a87fce42-eea3-4e45-a96d-fe057814f371,Qwen3.7 Plus,149.47,0.3432443089239723
a29e66d6-1c3c-456a-8770-59ee3845b35d,Ring-1T,,0.4518451835004159
eb4ba465-3fcd-4065-9fe2-e8225e7b2c6c,Ring-2.6-1T,459.58,0.2923738590434465
45790612-02e3-4c42-b5bd-cd7ed2ea1f2f,Sarvam 105B (high),18.658891942,0.257017810355712
764dd095-6ebd-4760-8eb3-cbc40964db2e,Sarvam 30B (high),15.260532034,0.1611693624168406
5c6533f3-75a2-4109-b9a9-3623afc6b86a,Seed-OSS-36B-Instruct,53.046525419999995,0.467643045786915
59a1bb20-9170-4dc2-ba9c-12d326cf068e,Solar Open 100B (Reasoning),,0.180138278688262
44db6283-aa82-4799-af4a-679fe0530845,Solar Pro 2 (Non-reasoning),,2.041919482758703
eb689f7a-f210-4a87-b407-f249897f2764,Solar Pro 2 (Reasoning),,0.4653122875475329
b89c4faf-219e-4171-a1aa-e3bd2fd0a924,Solar Pro 3,,0.1162350715956515
c8158c23-6fff-4c31-911d-954c32d80c28,Step 3.5 Flash,74.80080609999999,0.1863724845716989
1aa3694e-b656-4dbe-8f84-0c65d8897abb,Step 3.5 Flash 2603,95.303402,0.1476244420694115
6c7b322e-2f35-48ff-9171-fb621a726fc0,Step 3.7 Flash,320.06,0.1156730533923712
acad0665-9457-4531-abd5-b59efd7a89ea,Step3 VL 10B,,0.1894145547190375
b6d2e43d-3082-43f5-9318-0f4dbcb54163,Trinity Large Thinking,174.984440765,0.2059276844175227
f0083258-8646-45b8-8082-7aaf6c2ea82a,gpt-oss-120b (high),96.28,0.2727139063879248
c99f3bde-7c08-4de8-bd5c-8ee9123ebffa,gpt-oss-120b (low),15.896159099999998,3.1720669074707977
36f73aaf-d38a-4b56-a2b3-d04d17186910,gpt-oss-20B (high),29.87,0.2210610629232479
16149b9c-a1e9-4669-a5cb-ff3c00d78f89,gpt-oss-20B (low),7.67679848,2.150697233413573
5ad2f60f-ee05-49fd-85a0-cef69aa7cb7b,o1,3270.35733,0.8745727078984802
16c5b637-8bce-4252-81f2-1b87a36a4e4c,o3,1025.331978,0.7936606592959933
076f2674-bc4b-4925-be59-50832eb8c090,o3-mini (high),314.72152580000005,0.4124600155312589
84b49308-6b93-47aa-a4f6-776ee1a1e8cd,o4-mini (high),460.8724296,0.4012485125663549
